CREATE DATABASE  IF NOT EXISTS `final_project8` /*!40100 DEFAULT CHARACTER SET utf8mb3 */ /*!80016 DEFAULT ENCRYPTION='N' */;
USE `final_project8`;
-- MySQL dump 10.13  Distrib 8.0.41, for Win64 (x86_64)
--
-- Host: localhost    Database: final_project8
-- ------------------------------------------------------
-- Server version	8.0.41

/*!40101 SET @OLD_CHARACTER_SET_CLIENT=@@CHARACTER_SET_CLIENT */;
/*!40101 SET @OLD_CHARACTER_SET_RESULTS=@@CHARACTER_SET_RESULTS */;
/*!40101 SET @OLD_COLLATION_CONNECTION=@@COLLATION_CONNECTION */;
/*!50503 SET NAMES utf8 */;
/*!40103 SET @OLD_TIME_ZONE=@@TIME_ZONE */;
/*!40103 SET TIME_ZONE='+00:00' */;
/*!40014 SET @OLD_UNIQUE_CHECKS=@@UNIQUE_CHECKS, UNIQUE_CHECKS=0 */;
/*!40014 SET @OLD_FOREIGN_KEY_CHECKS=@@FOREIGN_KEY_CHECKS, FOREIGN_KEY_CHECKS=0 */;
/*!40101 SET @OLD_SQL_MODE=@@SQL_MODE, SQL_MODE='NO_AUTO_VALUE_ON_ZERO' */;
/*!40111 SET @OLD_SQL_NOTES=@@SQL_NOTES, SQL_NOTES=0 */;

--
-- Temporary view structure for view `clean_energy_eligibility`
--

DROP TABLE IF EXISTS `clean_energy_eligibility`;
/*!50001 DROP VIEW IF EXISTS `clean_energy_eligibility`*/;
SET @saved_cs_client     = @@character_set_client;
/*!50503 SET character_set_client = utf8mb4 */;
/*!50001 CREATE VIEW `clean_energy_eligibility` AS SELECT 
 1 AS `Car Brand`,
 1 AS `Model`,
 1 AS `EV Type`,
 1 AS `Range`,
 1 AS `Clean Energy ?`*/;
SET character_set_client = @saved_cs_client;

--
-- Temporary view structure for view `companies_and_cars`
--

DROP TABLE IF EXISTS `companies_and_cars`;
/*!50001 DROP VIEW IF EXISTS `companies_and_cars`*/;
SET @saved_cs_client     = @@character_set_client;
/*!50503 SET character_set_client = utf8mb4 */;
/*!50001 CREATE VIEW `companies_and_cars` AS SELECT 
 1 AS `utility_name`,
 1 AS `make`,
 1 AS `model`*/;
SET character_set_client = @saved_cs_client;

--
-- Temporary view structure for view `county_ev_count`
--

DROP TABLE IF EXISTS `county_ev_count`;
/*!50001 DROP VIEW IF EXISTS `county_ev_count`*/;
SET @saved_cs_client     = @@character_set_client;
/*!50503 SET character_set_client = utf8mb4 */;
/*!50001 CREATE VIEW `county_ev_count` AS SELECT 
 1 AS `county`,
 1 AS `make`,
 1 AS `model`,
 1 AS `ev_count`*/;
SET character_set_client = @saved_cs_client;

--
-- Table structure for table `electric_utility`
--

DROP TABLE IF EXISTS `electric_utility`;
/*!40101 SET @saved_cs_client     = @@character_set_client */;
/*!50503 SET character_set_client = utf8mb4 */;
CREATE TABLE `electric_utility` (
  `utility_id` int unsigned NOT NULL,
  `utility_name` varchar(300) NOT NULL,
  PRIMARY KEY (`utility_id`),
  UNIQUE KEY `utility_name_UNIQUE` (`utility_name`)
) ENGINE=InnoDB DEFAULT CHARSET=utf8mb3;
/*!40101 SET character_set_client = @saved_cs_client */;

--
-- Dumping data for table `electric_utility`
--

LOCK TABLES `electric_utility` WRITE;
/*!40000 ALTER TABLE `electric_utility` DISABLE KEYS */;
INSERT INTO `electric_utility` VALUES (918,'AVISTA CORP'),(909,'BONNEVILLE POWER ADMINISTRATION||AVISTA CORP||INLAND POWER & LIGHT COMPANY'),(905,'BONNEVILLE POWER ADMINISTRATION||CITY OF CENTRALIA - (WA)|CITY OF TACOMA - (WA)'),(912,'BONNEVILLE POWER ADMINISTRATION||CITY OF ELLENSBURG - (WA)'),(903,'BONNEVILLE POWER ADMINISTRATION||CITY OF RICHLAND - (WA)'),(907,'BONNEVILLE POWER ADMINISTRATION||CITY OF TACOMA - (WA)||LAKEVIEW LIGHT & POWER|PENINSULA LIGHT COMPANY'),(908,'BONNEVILLE POWER ADMINISTRATION||CITY OF TACOMA - (WA)||PENINSULA LIGHT COMPANY'),(913,'BONNEVILLE POWER ADMINISTRATION||CITY OF TACOMA - (WA)||PUD NO 3 OF MASON COUNTY'),(924,'BONNEVILLE POWER ADMINISTRATION||INLAND POWER & LIGHT COMPANY'),(925,'BONNEVILLE POWER ADMINISTRATION||ORCAS POWER & LIGHT COOP'),(916,'BONNEVILLE POWER ADMINISTRATION||PACIFICORP||BENTON RURAL ELECTRIC ASSN'),(923,'BONNEVILLE POWER ADMINISTRATION||PUD 1 OF SNOHOMISH COUNTY'),(917,'BONNEVILLE POWER ADMINISTRATION||PUD NO 1 OF BENTON COUNTY'),(900,'BONNEVILLE POWER ADMINISTRATION||PUD NO 1 OF CLARK COUNTY - (WA)'),(911,'BONNEVILLE POWER ADMINISTRATION||PUD NO 1 OF FRANKLIN COUNTY'),(920,'BONNEVILLE POWER ADMINISTRATION||PUD NO 1 OF GRAYS HARBOR COUNTY'),(919,'BONNEVILLE POWER ADMINISTRATION||PUGET SOUND ENERGY INC||PUD NO 1 OF JEFFERSON COUNTY'),(922,'CITY OF BLAINE - (WA)||PUD NO 1 OF WHATCOM COUNTY'),(902,'CITY OF SEATTLE - (WA)|CITY OF TACOMA - (WA)'),(914,'MODERN ELECTRIC WATER COMPANY'),(910,'PACIFICORP'),(921,'PUD NO 1 OF CHELAN COUNTY'),(915,'PUD NO 1 OF DOUGLAS COUNTY'),(901,'PUGET SOUND ENERGY INC'),(904,'PUGET SOUND ENERGY INC||CITY OF TACOMA - (WA)'),(906,'PUGET SOUND ENERGY INC||PUD NO 1 OF WHATCOM COUNTY');
/*!40000 ALTER TABLE `electric_utility` ENABLE KEYS */;
UNLOCK TABLES;

--
-- Table structure for table `electric_utility_vehicles`
--

DROP TABLE IF EXISTS `electric_utility_vehicles`;
/*!40101 SET @saved_cs_client     = @@character_set_client */;
/*!50503 SET character_set_client = utf8mb4 */;
CREATE TABLE `electric_utility_vehicles` (
  `electric_utility_utility_id` int unsigned NOT NULL,
  `vehicles_DOL_vehicle_Id` int unsigned NOT NULL,
  PRIMARY KEY (`electric_utility_utility_id`,`vehicles_DOL_vehicle_Id`),
  KEY `fk_electric_utility_has_vehicles_vehicles1_idx` (`vehicles_DOL_vehicle_Id`),
  KEY `fk_electric_utility_has_vehicles_electric_utility1_idx` (`electric_utility_utility_id`),
  CONSTRAINT `fk_electric_utility_has_vehicles_electric_utility1` FOREIGN KEY (`electric_utility_utility_id`) REFERENCES `electric_utility` (`utility_id`),
  CONSTRAINT `fk_electric_utility_has_vehicles_vehicles1` FOREIGN KEY (`vehicles_DOL_vehicle_Id`) REFERENCES `vehicles` (`DOL_vehicle_Id`)
) ENGINE=InnoDB DEFAULT CHARSET=utf8mb3;
/*!40101 SET character_set_client = @saved_cs_client */;

--
-- Dumping data for table `electric_utility_vehicles`
--

LOCK TABLES `electric_utility_vehicles` WRITE;
/*!40000 ALTER TABLE `electric_utility_vehicles` DISABLE KEYS */;
INSERT INTO `electric_utility_vehicles` VALUES (901,1851286),(900,1928258),(902,1995500),(902,2735617),(904,3409514),(908,3432747),(904,3627382),(904,4638882),(908,4697248),(904,4872962),(904,6201982),(904,6404555),(904,8106087),(902,8621560),(904,8952737),(906,9469757),(904,9554653),(902,9695192),(911,100835234),(902,101396522),(913,102661345),(904,103149980),(922,103396919),(902,103898749),(908,104194842),(904,106167141),(904,107129088),(902,107379639),(904,107625563),(901,107755245),(909,107796531),(904,109110487),(901,110530647),(901,111624929),(904,112063668),(904,112375504),(921,113028975),(904,113140401),(900,113229637),(904,113481700),(904,113607252),(904,115024164),(900,115190659),(901,115374913),(904,117428629),(904,117744140),(902,117770502),(908,117982945),(901,120607126),(925,121934515),(901,121973022),(902,122032669),(904,122153153),(904,122251342),(902,122359457),(902,122366863),(904,122397229),(901,122691236),(904,122831740),(904,122947086),(908,123212694),(904,123426397),(904,123691165),(904,124060100),(901,124096388),(904,125299464),(904,125711603),(904,125773847),(904,125994935),(904,126083002),(902,127130307),(902,127331550),(902,128450724),(904,128570242),(904,128580294),(900,128594035),(902,131236689),(904,131615053),(923,131616201),(901,132158960),(902,132645649),(925,133539654),(904,133756150),(902,135263698),(905,136917455),(902,136977725),(902,137006397),(904,137275484),(904,138492245),(911,138927372),(902,138971276),(901,139945284),(904,141281045),(900,141838126),(901,141946794),(902,142102880),(902,142105617),(902,142161554),(901,142197590),(904,142204380),(904,142963236),(901,143070644),(909,144075410),(908,144233232),(904,144275764),(906,144427986),(907,144502018),(903,145826082),(900,146923850),(901,147010062),(901,147044978),(901,147996124),(901,148283530),(904,148415914),(910,148825295),(904,148923281),(904,148952947),(902,148968053),(902,149078541),(904,150161189),(902,150212583),(902,150579236),(901,151005816),(901,151043126),(904,151184680),(902,151371888),(902,151492911),(901,151611645),(904,151626345),(902,152059596),(904,152367407),(904,152569931),(902,152584134),(904,152759218),(904,153839458),(904,154005050),(901,154184761),(904,154400669),(904,154496373),(904,154511689),(904,154751208),(909,154856208),(904,156088642),(909,156585558),(901,157630980),(904,157765044),(902,157802816),(900,161101013),(904,161207973),(906,166868572),(908,167181563),(904,167204467),(904,167211019),(904,168670806),(901,169364688),(901,169466916),(904,169515188),(904,169886650),(902,170918282),(900,170979812),(921,171550158),(908,172367016),(908,172406496),(904,172518979),(901,172554833),(904,175582921),(901,176174302),(904,176202946),(901,176267920),(902,176283418),(902,176414339),(904,176467630),(910,176473860),(904,177692798),(902,178913619),(902,179093148),(901,179111446),(902,179118236),(906,179137570),(900,179261218),(904,179412299),(904,179427167),(902,179428343),(902,179600515),(901,179684053),(903,179818327),(908,180350579),(901,180485987),(908,180609110),(904,180847649),(904,181027269),(902,183073425),(902,183515069),(902,185533526),(902,185640738),(904,186047963),(902,186110291),(904,186150891),(902,186413489),(919,186657005),(902,186947484),(902,187169482),(902,187196033),(902,187481570),(904,187956604),(904,190251015),(901,190828508),(904,192359366),(901,192595714),(902,192705705),(902,192783545),(904,192880901),(900,193406608),(901,193619240),(901,193937096),(901,194079945),(901,194138983),(906,194401161),(908,195051524),(904,195114132),(900,195197642),(904,195916248),(901,196364017),(902,196483430),(902,198234361),(904,198671168),(908,198676936),(904,198759746),(909,198897912),(904,199004508),(904,199228263),(908,199390089),(904,199455063),(904,199464863),(902,202104157),(904,202160402),(904,203022592),(902,203323767),(902,203575137),(908,204954123),(904,205035967),(901,205872523),(902,206930384),(904,207775431),(902,207849876),(908,207916600),(901,208428272),(902,208712598),(904,209770963),(904,211029402),(915,211167267),(900,211313602),(901,211442185),(904,211685701),(901,212102502),(901,212217750),(902,212235880),(901,212958469),(908,214749342),(901,214898610),(902,215049278),(904,216531367),(902,216651809),(904,216695069),(901,216783269),(902,216791025),(906,216795855),(901,216861809),(904,217162172),(900,217936309),(918,217972723),(901,217997937),(901,218315625),(904,218515076),(902,218906362),(902,219020840),(904,219104875),(900,219210848),(924,219547723),(901,220656558),(908,220849681),(904,224057690),(904,226015730),(904,227457450),(904,227747733),(902,228618050),(901,236401784),(915,240461378),(908,240882281),(919,253185761),(915,258100902),(902,266554326),(901,268826974),(902,270435189),(902,272967565),(904,277755677),(912,282735911),(904,289237567),(901,293274439),(904,296470338),(904,296956586),(904,297208544),(914,299632077),(904,304931644),(920,306805859),(904,311505449),(900,312688190),(901,320564520),(902,320968280),(904,322483780),(902,326797873),(908,327831738),(902,338369720),(904,339162610),(904,346026012),(908,469585056),(904,473736532),(904,473918336),(902,474474857),(904,474495416),(921,474543625),(903,474787785),(908,475125563),(902,475407040),(902,475618832),(904,475666180),(900,475666782),(904,475741535),(901,475958521),(904,476136986),(902,476369736),(908,476596767),(904,476646054),(916,476666396),(902,476741401),(903,476993156),(904,477173931),(903,477210429),(902,477247585),(908,477612096),(902,477744130),(917,478031816),(901,478354054),(902,478758794);
/*!40000 ALTER TABLE `electric_utility_vehicles` ENABLE KEYS */;
UNLOCK TABLES;

--
-- Table structure for table `legislative_district`
--

DROP TABLE IF EXISTS `legislative_district`;
/*!40101 SET @saved_cs_client     = @@character_set_client */;
/*!50503 SET character_set_client = utf8mb4 */;
CREATE TABLE `legislative_district` (
  `districts` int unsigned NOT NULL,
  PRIMARY KEY (`districts`)
) ENGINE=InnoDB DEFAULT CHARSET=utf8mb3;
/*!40101 SET character_set_client = @saved_cs_client */;

--
-- Dumping data for table `legislative_district`
--

LOCK TABLES `legislative_district` WRITE;
/*!40000 ALTER TABLE `legislative_district` DISABLE KEYS */;
INSERT INTO `legislative_district` VALUES (1),(2),(3),(4),(5),(6),(7),(8),(9),(10),(11),(12),(13),(14),(15),(16),(17),(18),(19),(20),(21),(22),(23),(24),(25),(26),(27),(28),(29),(30),(31),(32),(33),(34),(35),(36),(37),(38),(39),(40),(41),(42),(43),(44),(45),(46),(47),(48),(49);
/*!40000 ALTER TABLE `legislative_district` ENABLE KEYS */;
UNLOCK TABLES;

--
-- Table structure for table `locations`
--

DROP TABLE IF EXISTS `locations`;
/*!40101 SET @saved_cs_client     = @@character_set_client */;
/*!50503 SET character_set_client = utf8mb4 */;
CREATE TABLE `locations` (
  `location_id` int unsigned NOT NULL,
  `city` varchar(45) NOT NULL,
  `county` varchar(45) NOT NULL,
  `state` varchar(45) NOT NULL,
  `postal_codes_zip_codes` int unsigned NOT NULL,
  `legislative_district_districts` int unsigned NOT NULL,
  `2020_cencus_tact` varchar(45) NOT NULL,
  PRIMARY KEY (`location_id`),
  KEY `fk_locations_legislative_district_idx` (`legislative_district_districts`),
  KEY `fk_locations_postal_codes1_idx` (`postal_codes_zip_codes`),
  CONSTRAINT `fk_locations_legislative_district` FOREIGN KEY (`legislative_district_districts`) REFERENCES `legislative_district` (`districts`),
  CONSTRAINT `fk_locations_postal_codes1` FOREIGN KEY (`postal_codes_zip_codes`) REFERENCES `postal_codes` (`zip_codes`)
) ENGINE=InnoDB DEFAULT CHARSET=utf8mb3;
/*!40101 SET character_set_client = @saved_cs_client */;

--
-- Dumping data for table `locations`
--

LOCK TABLES `locations` WRITE;
/*!40000 ALTER TABLE `locations` DISABLE KEYS */;
INSERT INTO `locations` VALUES (600,'Brush Prairie','Clark','WA',98606,18,'53011040504'),(601,'Marysville','Snohomish','WA',98271,38,'53061940001'),(602,'Seattle','King','WA',98117,36,'53033003100'),(603,'Seattle','King','WA',98101,43,'53033008101'),(604,'Richland','Benton','WA',99354,8,'53005010100'),(605,'Auburn','King','WA',98001,30,'53033030405'),(606,'Orting','Pierce','WA',98360,2,'53053070404'),(607,'Bothell','Snohomish','WA',98012,1,'53061051935'),(608,'Puyallup','Pierce','WA',98372,31,'53053070401'),(609,'Bellevue','King','WA',98004,41,'53033023901'),(610,'Edmonds','Snohomish','WA',98020,21,'53061050502'),(611,'Lynnwood','Snohomish','WA',98087,21,'53061041812'),(612,'Richland','Benton','WA',99354,8,'53005010400'),(613,'Edmonds','Snohomish','WA',98026,32,'53061050700'),(614,'Seattle','King','WA',98115,46,'53033002400'),(615,'Bainbridge Island','Kitsap','WA',98110,23,'53035090902'),(616,'Seattle','King','WA',98108,11,'53033010900'),(617,'Bellevue','King','WA',98006,41,'53033024800'),(618,'Washougal','Clark','WA',98671,18,'53011040510'),(619,'Seattle','King','WA',98199,36,'53033005600'),(620,'Seattle','King','WA',98178,37,'53033026001'),(621,'Langley','Island','WA',98260,10,'53029971900'),(622,'Seattle','King','WA',98125,46,'53033001202'),(623,'Seattle','King','WA',98115,46,'53033004201'),(624,'Centralia','Lewis','WA',98531,20,'53041970400'),(625,'Seattle','King','WA',98105,46,'53033004202'),(626,'Bellingham','Whatcom','WA',98229,40,'53073001202'),(627,'Bainbridge Island','Kitsap','WA',98110,23,'53035091001'),(628,'Lakewood','Pierce','WA',98499,29,'53053071807'),(629,'Tacoma','Pierce','WA',98422,27,'53053940008'),(630,'Seattle','King','WA',98144,37,'53033008900'),(631,'Vancouver','Clark','WA',98683,17,'53011041310'),(632,'Seattle','King','WA',98199,36,'53033005803'),(633,'Seattle','King','WA',98133,32,'53033000403'),(634,'Tacoma','Pierce','WA',98443,25,'53053940004'),(635,'Lake Forest Park','King','WA',98155,46,'53033021500'),(636,'Bothell','Snohomish','WA',98012,21,'53061051922'),(637,'Burien','King','WA',98166,34,'53033027902'),(638,'University Place','Pierce','WA',98467,28,'53053072312'),(639,'Bellevue','King','WA',98004,41,'53033023808'),(640,'Liberty Lake','Spokane','WA',99019,4,'53063013204'),(641,'Mercer Island','King','WA',98040,41,'53033024500'),(642,'Bellevue','King','WA',98004,41,'53033023902'),(643,'Lynnwood','Snohomish','WA',98087,21,'53061041812'),(644,'Gig Harbor','Pierce','WA',98332,26,'53053072504'),(645,'Mercer Island','King','WA',98040,41,'53033024500'),(646,'North Bend','King','WA',98045,5,'53033032705'),(647,'Tacoma','Pierce','WA',98402,27,'53053061502'),(648,'Walla Walla','Walla Walla','WA',99362,16,'53071920702'),(649,'Seattle','King','WA',98121,36,'53033008002'),(650,'Lake Stevens','Snohomish','WA',98258,44,'53061052606'),(651,'Bellevue','King','WA',98006,41,'53033024704'),(652,'Bellevue','King','WA',98008,48,'53033023100'),(653,'University Place','Pierce','WA',98466,28,'53053072309'),(654,'Seattle','King','WA',98101,43,'53033008300'),(655,'Seattle','King','WA',98121,43,'53033007302'),(656,'Seattle','King','WA',98115,46,'53033002500'),(657,'Gig Harbor','Pierce','WA',98335,26,'53053072408'),(658,'Marysville','Snohomish','WA',98270,44,'53061052707'),(659,'Gig Harbor','Pierce','WA',98332,26,'53053072509'),(660,'Federal Way','King','WA',98023,30,'53033030201'),(661,'Seattle','King','WA',98116,34,'53033009702'),(662,'Shoreline','King','WA',98177,32,'53033020100'),(663,'Kirkland','King','WA',98034,1,'53033022300'),(664,'Snohomish','Snohomish','WA',98296,44,'53061052121'),(665,'Mercer Island','King','WA',98040,41,'53033024500'),(666,'Redmond','King','WA',98052,48,'53033022902'),(667,'Kirkland','King','WA',98033,45,'53033022401'),(668,'Yelm','Thurston','WA',98597,20,'53067012510'),(669,'Bellevue','King','WA',98006,41,'53033025008'),(670,'Yelm','Thurston','WA',98597,2,'53067012531'),(671,'Seattle','King','WA',98136,34,'53033011601'),(672,'Seattle','King','WA',98115,43,'53033002600'),(673,'Fox Island','Pierce','WA',98333,26,'53053072410'),(674,'Bellevue','King','WA',98004,41,'53033023901'),(675,'Vancouver','Clark','WA',98682,18,'53011040604'),(676,'Bellevue','King','WA',98007,48,'53033023603'),(677,'Seattle','King','WA',98104,37,'53033009300'),(678,'Camas','Clark','WA',98607,18,'53011040603'),(679,'Seattle','King','WA',98115,46,'53033002100'),(680,'Kirkland','King','WA',98033,48,'53033022604'),(681,'Bellingham','Whatcom','WA',98225,40,'53073001101'),(682,'Seattle','King','WA',98107,36,'53033003201'),(683,'Gig Harbor','Pierce','WA',98332,26,'53053072504'),(684,'Walla Walla','Walla Walla','WA',99362,16,'53071920902'),(685,'Seattle','King','WA',98122,43,'53033007502'),(686,'Vashon','King','WA',98070,34,'53033027702'),(687,'Bainbridge Island','Kitsap','WA',98110,23,'53035090800'),(688,'North Bend','King','WA',98045,5,'53033032704'),(689,'Kenmore','King','WA',98028,46,'53033022102'),(690,'Pasco','Franklin','WA',99301,9,'53021020607'),(691,'Ellensburg','Kittitas','WA',98926,13,'53037975600'),(692,'Kent','King','WA',98031,47,'53033029602'),(693,'Shelton','Mason','WA',98584,35,'53045961101'),(694,'Sammamish','King','WA',98074,45,'53033032217'),(695,'Seattle','King','WA',98103,36,'53033001701'),(696,'Spokane','Spokane','WA',99201,3,'53063002300'),(697,'Richland','Benton','WA',99352,8,'53005010810'),(698,'Lake Stevens','Snohomish','WA',98258,44,'53061052605'),(699,'Bellingham','Whatcom','WA',98225,42,'53073000501'),(700,'East Wenatchee','Douglas','WA',98802,12,'53017950800'),(701,'Vancouver','Clark','WA',98684,17,'53011041317'),(702,'Tacoma','Pierce','WA',98407,27,'53053060500'),(703,'Seattle','King','WA',98107,36,'53033003301'),(704,'Fox Island','Pierce','WA',98333,26,'53053072410'),(705,'Shoreline','King','WA',98133,32,'53033021000'),(706,'Bainbridge Island','Kitsap','WA',98110,23,'53035091001'),(707,'Lynnwood','Snohomish','WA',98036,1,'53061051932'),(708,'Seattle','King','WA',98122,37,'53033007800'),(709,'Lake Stevens','Snohomish','WA',98258,39,'53061053603'),(710,'Bellingham','Whatcom','WA',98226,40,'53073000804'),(711,'East Wenatchee','Douglas','WA',98802,12,'53017950300'),(712,'Seattle','King','WA',98126,34,'53033011602'),(713,'Bothell','Snohomish','WA',98021,1,'53061051918'),(714,'Woodinville','King','WA',98072,45,'53033032307'),(715,'Issaquah','King','WA',98027,5,'53033032102'),(716,'Vancouver','Clark','WA',98662,49,'53011041107'),(717,'Woodinville','King','WA',98072,45,'53033032311'),(718,'Renton','King','WA',98057,37,'53033026004'),(719,'Gig Harbor','Pierce','WA',98335,26,'53053072408'),(720,'Renton','King','WA',98055,33,'53033029309'),(721,'Seattle','King','WA',98119,36,'53033005804'),(722,'Seattle','King','WA',98107,43,'53033003400'),(723,'East Wenatchee','Douglas','WA',98802,12,'53017950600'),(724,'Vancouver','Clark','WA',98683,17,'53011041310'),(725,'Seattle','King','WA',98107,36,'53033003302'),(726,'Seattle','King','WA',98102,43,'53033006100'),(727,'Seattle','King','WA',98102,43,'53033007501'),(728,'Sunnyside','Yakima','WA',98944,15,'53077002103'),(729,'Richland','Benton','WA',99352,8,'53005010817'),(730,'Seattle','King','WA',98199,36,'53033005801'),(731,'Seattle','King','WA',98108,11,'53033010402'),(732,'West Richland','Benton','WA',99353,8,'53005010705'),(733,'Olympia','Thurston','WA',98502,22,'53067012002'),(734,'Seattle','King','WA',98144,37,'53033009000'),(735,'Pullman','Whitman','WA',99163,9,'53075000400'),(736,'Bothell','King','WA',98011,1,'53033021802'),(737,'Seattle','King','WA',98126,34,'53033011500'),(738,'Port Townsend','Jefferson','WA',98368,24,'53031950501'),(739,'Gig Harbor','Pierce','WA',98335,26,'53053072408'),(740,'Sammamish','King','WA',98074,45,'53033032225'),(741,'Issaquah','King','WA',98027,5,'53033032103'),(742,'Kent','King','WA',98042,47,'53033031708'),(743,'Mukilteo','Snohomish','WA',98275,21,'53061042001'),(744,'Marysville','Snohomish','WA',98270,44,'53061052708'),(745,'Mount Vernon','Skagit','WA',98273,40,'53057951900'),(746,'Edmonds','Snohomish','WA',98020,32,'53061050700'),(747,'Puyallup','Pierce','WA',98373,25,'53053071206'),(748,'Seattle','King','WA',98118,37,'53033010200'),(749,'Seattle','King','WA',98107,43,'53033004800'),(750,'Spokane Valley','Spokane','WA',99016,4,'53063013102'),(751,'Seattle','King','WA',98115,43,'53033004301'),(752,'Seattle','King','WA',98103,43,'53033004901'),(753,'Auburn','King','WA',98001,30,'53033029806'),(754,'Renton','King','WA',98055,33,'53033029309'),(755,'Seattle','King','WA',98115,46,'53033002000'),(756,'Olympia','Thurston','WA',98513,2,'53067011624'),(757,'Mercer Island','King','WA',98040,41,'53033024302'),(758,'Spokane','Spokane','WA',99217,4,'53063010204'),(759,'Bothell','King','WA',98011,1,'53033021803'),(760,'Seattle','King','WA',98116,34,'53033009702'),(761,'Seattle','King','WA',98102,43,'53033006100'),(762,'Kirkland','King','WA',98034,45,'53033022005'),(763,'Seattle','King','WA',98115,46,'53033004201'),(764,'Mercer Island','King','WA',98040,41,'53033024301'),(765,'Seattle','King','WA',98102,43,'53033006500'),(766,'Kenmore','King','WA',98028,46,'53033022101'),(767,'Fircrest','Pierce','WA',98466,28,'53053072305'),(768,'Edmonds','Snohomish','WA',98020,21,'53061050300'),(769,'Ellensburg','Kittitas','WA',98926,13,'53037975500'),(770,'Bellevue','King','WA',98006,41,'53033025007'),(771,'Seattle','King','WA',98115,46,'53033002100'),(772,'Medina','King','WA',98039,48,'53033024200'),(773,'Vashon','King','WA',98070,34,'53033027702'),(774,'Quilcene','Jefferson','WA',98376,24,'53031950202'),(775,'Seattle','King','WA',98122,37,'53033008700'),(776,'Marysville','Snohomish','WA',98270,39,'53061052708'),(777,'Vancouver','Clark','WA',98685,18,'53011040907'),(778,'Ocean Shores','Grays Harbor','WA',98569,24,'53027000201'),(779,'Richland','Benton','WA',99352,8,'53005010600'),(780,'Kenmore','King','WA',98028,46,'53033021600'),(781,'Redmond','King','WA',98052,45,'53033032330'),(782,'Seattle','King','WA',98118,37,'53033010200'),(783,'Seattle','King','WA',98105,46,'53033004102'),(784,'Camas','Clark','WA',98607,18,'53011040608'),(785,'Seattle','King','WA',98136,34,'53033011601'),(786,'Kirkland','King','WA',98034,1,'53033022205'),(787,'Kent','King','WA',98042,47,'53033031601'),(788,'Seattle','King','WA',98136,34,'53033010601'),(789,'Seattle','King','WA',98122,37,'53033007902'),(790,'Bremerton','Kitsap','WA',98312,26,'53035092102'),(791,'Lakewood','Pierce','WA',98498,28,'53053072105'),(792,'Gig Harbor','Pierce','WA',98332,26,'53053072509'),(793,'Bellevue','King','WA',98006,41,'53033024905'),(794,'Renton','King','WA',98056,41,'53033025202'),(795,'Kirkland','King','WA',98034,1,'53033022201'),(796,'North Bend','King','WA',98045,5,'53033032705'),(797,'Washougal','Clark','WA',98671,18,'53011040510'),(798,'Lake Stevens','Snohomish','WA',98258,39,'53061053505'),(799,'Tacoma','Pierce','WA',98422,27,'53053940011'),(800,'Woodinville','King','WA',98072,45,'53033021802'),(801,'Bothell','King','WA',98011,1,'53033022001'),(802,'Seattle','King','WA',98112,43,'53033006400'),(803,'Sammamish','King','WA',98074,45,'53033032318'),(804,'Kirkland','King','WA',98034,1,'53033022205'),(805,'Leavenworth','Chelan','WA',98826,12,'53007960202'),(806,'Sammamish','King','WA',98075,41,'53033032207'),(807,'Everett','Snohomish','WA',98203,38,'53061041303'),(808,'Seattle','King','WA',98109,36,'53033006703'),(809,'Maple Valley','King','WA',98038,5,'53033032011'),(810,'Sammamish','King','WA',98029,5,'53033032211'),(811,'Everett','Snohomish','WA',98208,44,'53061052114'),(812,'Seattle','King','WA',98105,46,'53033004202'),(813,'Issaquah','King','WA',98027,5,'53033032102'),(814,'Snohomish','Snohomish','WA',98290,39,'53061052206'),(815,'Seattle','King','WA',98117,36,'53033003000'),(816,'Seattle','King','WA',98122,43,'53033007503'),(817,'Seattle','King','WA',98106,34,'53033010701'),(818,'Kirkland','King','WA',98033,45,'53033022401'),(819,'Gig Harbor','Pierce','WA',98332,26,'53053072506'),(820,'Seattle','King','WA',98103,43,'53033005000'),(821,'Seattle','King','WA',98105,43,'53033005202'),(822,'Seattle','King','WA',98136,34,'53033010602'),(823,'Winlock','Lewis','WA',98596,20,'53041971501'),(824,'Lake Forest Park','King','WA',98155,46,'53033021300'),(825,'Seattle','King','WA',98119,36,'53033006900'),(826,'Bellevue','King','WA',98008,48,'53033023403'),(827,'Sammamish','King','WA',98075,41,'53033032218'),(828,'Redmond','King','WA',98052,45,'53033032321'),(829,'Vashon','King','WA',98070,34,'53033027701'),(830,'Seattle','King','WA',98104,37,'53033009200'),(831,'Sammamish','King','WA',98075,41,'53033032213'),(832,'Leavenworth','Chelan','WA',98826,12,'53007960501'),(833,'Lake Stevens','Snohomish','WA',98258,39,'53061053603'),(834,'Anacortes','Skagit','WA',98221,40,'53057940401'),(835,'Woodinville','King','WA',98072,45,'53033032307'),(836,'Seattle','King','WA',98101,43,'53033008102'),(837,'Spokane','Spokane','WA',99218,7,'53063010506'),(838,'Seattle','King','WA',98112,43,'53033006200'),(839,'Auburn','King','WA',98001,30,'53033030404'),(840,'Bellevue','King','WA',98004,48,'53033023806'),(841,'Woodway','Snohomish','WA',98020,32,'53061050600'),(842,'Camas','Clark','WA',98607,18,'53011040609'),(843,'Clyde Hill','King','WA',98004,48,'53033024100'),(844,'Hunts Point','King','WA',98004,48,'53033024100'),(845,'Lakewood','Pierce','WA',98498,28,'53053071902'),(846,'Hunts Point','King','WA',98004,48,'53033024100'),(847,'Bothell','Snohomish','WA',98012,1,'53061052009'),(848,'Bellevue','King','WA',98004,48,'53033024001'),(849,'Mercer Island','King','WA',98040,41,'53033024302'),(850,'Bellevue','King','WA',98004,48,'53033024001'),(851,'Bainbridge Island','Kitsap','WA',98110,23,'53035090700'),(852,'Renton','King','WA',98059,11,'53033025101'),(853,'Seattle','King','WA',98119,36,'53033006900'),(854,'Bainbridge Island','Kitsap','WA',98110,23,'53035090700'),(855,'Chelan','Chelan','WA',98816,12,'53007960301'),(856,'Kirkland','King','WA',98033,48,'53033022701'),(857,'Kirkland','King','WA',98033,45,'53033022402'),(858,'Bothell','Snohomish','WA',98012,1,'53061052009'),(859,'Bellevue','King','WA',98005,48,'53033022805'),(860,'Sammamish','King','WA',98074,45,'53033032215'),(861,'Redmond','King','WA',98033,45,'53033022605'),(862,'Kirkland','King','WA',98033,45,'53033022402'),(863,'Seattle','King','WA',98115,46,'53033002400'),(864,'Battle Ground','Clark','WA',98604,18,'53011040416'),(865,'Gig Harbor','Pierce','WA',98335,26,'53053072507'),(866,'Snoqualmie','King','WA',98065,5,'53033032603'),(867,'Seattle','King','WA',98117,36,'53033003100'),(868,'Mercer Island','King','WA',98040,41,'53033024500'),(869,'Everett','Snohomish','WA',98203,38,'53061041400'),(870,'Seattle','King','WA',98118,37,'53033011102'),(871,'Clyde Hill','King','WA',98004,48,'53033024100'),(872,'Medina','King','WA',98039,48,'53033024200'),(873,'Medina','King','WA',98039,48,'53033024200'),(874,'Medina','King','WA',98039,48,'53033024200'),(875,'Mercer Island','King','WA',98040,41,'53033024302'),(876,'North Bend','King','WA',98045,5,'53033032705'),(877,'Issaquah','King','WA',98029,5,'53033032220'),(878,'Seattle','King','WA',98125,46,'53033000102'),(879,'Stanwood','Snohomish','WA',98292,10,'53061053202'),(880,'Blaine','Whatcom','WA',98230,42,'53073010405'),(881,'Gig Harbor','Pierce','WA',98335,26,'53053072408'),(882,'Kirkland','King','WA',98033,48,'53033022502'),(883,'Camano Island','Island','WA',98282,10,'53029971500'),(884,'Maple Valley','King','WA',98038,5,'53033032011'),(885,'Mead','Spokane','WA',99021,4,'53063010204'),(886,'Seattle','King','WA',98112,43,'53033006200'),(887,'Bainbridge Island','Kitsap','WA',98110,23,'53035090901'),(888,'Clyde Hill','King','WA',98004,48,'53033024100'),(889,'Vashon','King','WA',98070,34,'53033027701'),(890,'Seattle','King','WA',98101,43,'53033008102'),(891,'Bellevue','King','WA',98008,48,'53033023403'),(892,'Camas','Clark','WA',98607,18,'53011041400'),(893,'Spokane','Spokane','WA',99223,6,'53063005000'),(894,'Bellingham','Whatcom','WA',98226,42,'53073000803'),(895,'Hunts Point','King','WA',98004,48,'53033024100'),(896,'Bothell','Snohomish','WA',98021,1,'53061051938'),(897,'Camas','Clark','WA',98607,18,'53011040608'),(898,'Seattle','King','WA',98105,46,'53033004101'),(899,'Friday Harbor','San Juan','WA',98250,40,'53055960301'),(900,'Mountlake Terrace','Snohomish','WA',98043,32,'53061051000'),(901,'Bremerton','Kitsap','WA',98312,35,'53035091400'),(902,'Clyde Hill','King','WA',98004,48,'53033024100'),(903,'Kirkland','King','WA',98034,1,'53033022203'),(904,'Bainbridge Island','Kitsap','WA',98110,23,'53035090700'),(905,'Snoqualmie','King','WA',98065,5,'53033032603'),(906,'Seattle','King','WA',98119,36,'53033007001'),(907,'Bothell','Snohomish','WA',98021,1,'53061051937'),(908,'Seattle','King','WA',98104,43,'53033008102'),(909,'Olympia','Thurston','WA',98502,35,'53067011902'),(910,'Bellevue','King','WA',98004,48,'53033024002'),(911,'Seattle','King','WA',98109,36,'53033006000'),(912,'Seattle','King','WA',98121,43,'53033007302'),(913,'Bellevue','King','WA',98008,48,'53033023000'),(914,'Ravensdale','King','WA',98051,5,'53033031603'),(915,'Mercer Island','King','WA',98040,41,'53033024601'),(916,'Carnation','King','WA',98014,5,'53033032500'),(917,'Redmond','King','WA',98053,45,'53033032328'),(918,'Sammamish','King','WA',98074,45,'53033032317'),(919,'Carnation','King','WA',98014,5,'53033032315'),(920,'Pasco','Franklin','WA',99301,16,'53021020503'),(921,'Seattle','King','WA',98115,46,'53033002700'),(922,'Kirkland','King','WA',98033,48,'53033022702'),(923,'Bothell','Snohomish','WA',98021,1,'53061051918'),(924,'Vancouver','Clark','WA',98683,17,'53011041310'),(925,'Bainbridge Island','Kitsap','WA',98110,23,'53035091002'),(926,'Mercer Island','King','WA',98040,41,'53033024400'),(927,'Eastsound','San Juan','WA',98245,40,'53055960102'),(928,'Seattle','King','WA',98108,11,'53033010900'),(929,'Seattle','King','WA',98122,37,'53033007800'),(930,'Olympia','Thurston','WA',98501,22,'53067010400'),(931,'Seattle','King','WA',98105,46,'53033004101'),(932,'Seattle','King','WA',98122,37,'53033007800'),(933,'Bellevue','King','WA',98005,48,'53033023701'),(934,'Bainbridge Island','Kitsap','WA',98110,23,'53035091002'),(935,'Seattle','King','WA',98118,37,'53033011102'),(936,'Tacoma','Pierce','WA',98422,27,'53053940002'),(937,'Bellingham','Whatcom','WA',98229,40,'53073001202'),(938,'Seattle','King','WA',98119,36,'53033005901'),(939,'Spanaway','Pierce','WA',98387,29,'53053071403'),(940,'Brier','Snohomish','WA',98036,1,'53061051913'),(941,'Seattle','King','WA',98119,36,'53033006900'),(942,'Bellevue','King','WA',98005,41,'53033023401'),(943,'Seatac','King','WA',98188,33,'53033028802');
/*!40000 ALTER TABLE `locations` ENABLE KEYS */;
UNLOCK TABLES;

--
-- Temporary view structure for view `popular`
--

DROP TABLE IF EXISTS `popular`;
/*!50001 DROP VIEW IF EXISTS `popular`*/;
SET @saved_cs_client     = @@character_set_client;
/*!50503 SET character_set_client = utf8mb4 */;
/*!50001 CREATE VIEW `popular` AS SELECT 
 1 AS `Car Brand`,
 1 AS `Model`,
 1 AS `EV Type`,
 1 AS `Amount`*/;
SET character_set_client = @saved_cs_client;

--
-- Table structure for table `postal_codes`
--

DROP TABLE IF EXISTS `postal_codes`;
/*!40101 SET @saved_cs_client     = @@character_set_client */;
/*!50503 SET character_set_client = utf8mb4 */;
CREATE TABLE `postal_codes` (
  `zip_codes` int unsigned NOT NULL,
  PRIMARY KEY (`zip_codes`)
) ENGINE=InnoDB DEFAULT CHARSET=utf8mb3;
/*!40101 SET character_set_client = @saved_cs_client */;

--
-- Dumping data for table `postal_codes`
--

LOCK TABLES `postal_codes` WRITE;
/*!40000 ALTER TABLE `postal_codes` DISABLE KEYS */;
INSERT INTO `postal_codes` VALUES (98001),(98002),(98003),(98004),(98005),(98006),(98007),(98008),(98010),(98011),(98012),(98014),(98019),(98020),(98021),(98022),(98023),(98024),(98026),(98027),(98028),(98029),(98030),(98031),(98032),(98033),(98034),(98036),(98037),(98038),(98039),(98040),(98042),(98043),(98045),(98047),(98051),(98052),(98053),(98055),(98056),(98057),(98058),(98059),(98065),(98068),(98070),(98072),(98074),(98075),(98077),(98087),(98092),(98101),(98102),(98103),(98104),(98105),(98106),(98107),(98108),(98109),(98110),(98112),(98115),(98116),(98117),(98118),(98119),(98121),(98122),(98125),(98126),(98133),(98134),(98136),(98144),(98146),(98148),(98155),(98158),(98164),(98166),(98168),(98177),(98178),(98188),(98198),(98199),(98201),(98203),(98204),(98206),(98208),(98220),(98221),(98223),(98224),(98225),(98226),(98229),(98230),(98232),(98233),(98235),(98236),(98237),(98239),(98240),(98241),(98244),(98245),(98247),(98248),(98249),(98250),(98251),(98252),(98253),(98257),(98258),(98260),(98261),(98262),(98263),(98264),(98266),(98267),(98270),(98271),(98272),(98273),(98274),(98275),(98276),(98277),(98279),(98281),(98282),(98283),(98284),(98286),(98290),(98292),(98294),(98295),(98296),(98297),(98303),(98304),(98305),(98310),(98311),(98312),(98314),(98315),(98320),(98321),(98323),(98325),(98326),(98327),(98328),(98329),(98331),(98332),(98333),(98335),(98336),(98337),(98338),(98339),(98340),(98342),(98345),(98346),(98349),(98351),(98354),(98355),(98356),(98357),(98358),(98359),(98360),(98361),(98362),(98363),(98365),(98366),(98367),(98368),(98370),(98371),(98372),(98373),(98374),(98375),(98376),(98377),(98380),(98381),(98382),(98383),(98385),(98387),(98388),(98390),(98391),(98392),(98394),(98402),(98403),(98404),(98405),(98406),(98407),(98408),(98409),(98418),(98421),(98422),(98424),(98433),(98438),(98439),(98443),(98444),(98445),(98446),(98465),(98466),(98467),(98498),(98499),(98501),(98502),(98503),(98504),(98506),(98512),(98513),(98516),(98520),(98524),(98527),(98528),(98530),(98531),(98532),(98533),(98535),(98536),(98537),(98538),(98541),(98542),(98546),(98547),(98548),(98550),(98555),(98557),(98562),(98563),(98564),(98568),(98569),(98570),(98571),(98572),(98576),(98577),(98579),(98580),(98581),(98583),(98584),(98585),(98586),(98587),(98588),(98589),(98590),(98591),(98592),(98593),(98595),(98596),(98597),(98601),(98603),(98604),(98605),(98606),(98607),(98609),(98610),(98611),(98612),(98613),(98614),(98617),(98619),(98620),(98621),(98624),(98625),(98626),(98629),(98631),(98632),(98635),(98638),(98639),(98640),(98641),(98642),(98644),(98645),(98647),(98648),(98649),(98650),(98651),(98660),(98661),(98662),(98663),(98664),(98665),(98670),(98671),(98672),(98674),(98675),(98682),(98683),(98684),(98685),(98686),(98801),(98802),(98812),(98814),(98815),(98816),(98822),(98823),(98826),(98828),(98831),(98833),(98834),(98837),(98840),(98841),(98843),(98844),(98846),(98847),(98848),(98849),(98850),(98851),(98855),(98856),(98857),(98858),(98862),(98901),(98902),(98903),(98908),(98922),(98925),(98926),(98930),(98932),(98936),(98937),(98938),(98940),(98941),(98942),(98943),(98944),(98947),(98948),(98952),(98953),(99001),(99003),(99004),(99005),(99006),(99008),(99009),(99011),(99012),(99013),(99016),(99017),(99019),(99021),(99022),(99023),(99025),(99026),(99027),(99029),(99030),(99031),(99032),(99033),(99036),(99037),(99101),(99109),(99111),(99113),(99114),(99115),(99116),(99118),(99119),(99121),(99122),(99123),(99125),(99126),(99129),(99130),(99131),(99133),(99134),(99137),(99138),(99141),(99147),(99148),(99156),(99161),(99163),(99166),(99167),(99169),(99170),(99173),(99180),(99181),(99185),(99201),(99202),(99203),(99204),(99205),(99206),(99207),(99208),(99212),(99216),(99217),(99218),(99223),(99224),(99301),(99320),(99323),(99324),(99326),(99328),(99330),(99336),(99337),(99338),(99341),(99343),(99344),(99347),(99348),(99349),(99350),(99352),(99353),(99354),(99357),(99360),(99361),(99362),(99402),(99403);
/*!40000 ALTER TABLE `postal_codes` ENABLE KEYS */;
UNLOCK TABLES;

--
-- Temporary view structure for view `price_in_king_county`
--

DROP TABLE IF EXISTS `price_in_king_county`;
/*!50001 DROP VIEW IF EXISTS `price_in_king_county`*/;
SET @saved_cs_client     = @@character_set_client;
/*!50503 SET character_set_client = utf8mb4 */;
/*!50001 CREATE VIEW `price_in_king_county` AS SELECT 
 1 AS `Brand`,
 1 AS `Model`,
 1 AS `EV Type`,
 1 AS `Base MSRP`*/;
SET character_set_client = @saved_cs_client;

--
-- Temporary view structure for view `prices_in_king_county`
--

DROP TABLE IF EXISTS `prices_in_king_county`;
/*!50001 DROP VIEW IF EXISTS `prices_in_king_county`*/;
SET @saved_cs_client     = @@character_set_client;
/*!50503 SET character_set_client = utf8mb4 */;
/*!50001 CREATE VIEW `prices_in_king_county` AS SELECT 
 1 AS `Brand`,
 1 AS `Model`,
 1 AS `EV Type`,
 1 AS `Base MSRP`*/;
SET character_set_client = @saved_cs_client;

--
-- Table structure for table `vehicle_type`
--

DROP TABLE IF EXISTS `vehicle_type`;
/*!40101 SET @saved_cs_client     = @@character_set_client */;
/*!50503 SET character_set_client = utf8mb4 */;
CREATE TABLE `vehicle_type` (
  `VIN` varchar(45) NOT NULL,
  `make` varchar(45) NOT NULL,
  `model` varchar(45) NOT NULL,
  `year` year NOT NULL,
  `ev_range` int unsigned NOT NULL,
  PRIMARY KEY (`VIN`)
) ENGINE=InnoDB DEFAULT CHARSET=utf8mb3;
/*!40101 SET character_set_client = @saved_cs_client */;

--
-- Dumping data for table `vehicle_type`
--

LOCK TABLES `vehicle_type` WRITE;
/*!40000 ALTER TABLE `vehicle_type` DISABLE KEYS */;
INSERT INTO `vehicle_type` VALUES ('7JRBK0FP0M','VOLVO','S60',2021,22),('7JRBK0FP6M','VOLVO','S60',2021,22),('7JRBK0FP8L','VOLVO','S60',2020,22),('7JRBR0FL0K','VOLVO','S60',2019,22),('7JRBR0FL1M','VOLVO','S60',2021,22),('7JRBR0FL1N','VOLVO','S60',2022,22),('7JRBR0FL3M','VOLVO','S60',2021,22),('7JRBR0FL4L','VOLVO','S60',2020,22),('7JRBR0FL4M','VOLVO','S60',2021,22),('7JRBR0FL4N','VOLVO','S60',2022,22),('7JRBR0FL6M','VOLVO','S60',2021,22),('7JRBR0FL6N','VOLVO','S60',2022,22),('7JRBR0FL7L','VOLVO','S60',2020,22),('7JRBR0FL7M','VOLVO','S60',2021,22),('7JRBR0FL8K','VOLVO','S60',2019,22),('7JRBR0FL8L','VOLVO','S60',2020,22),('7JRBR0FL8M','VOLVO','S60',2021,22),('7JRBR0FL9K','VOLVO','S60',2019,22),('7JRBR0FL9M','VOLVO','S60',2021,22),('7JRBR0FL9N','VOLVO','S60',2022,22),('7JRBR0FLXL','VOLVO','S60',2020,22),('7JRBR0FLXM','VOLVO','S60',2021,22),('7JRBR0FLXN','VOLVO','S60',2022,22),('7JRBR0FM0K','VOLVO','S60',2019,22),('7JRBR0FM0L','VOLVO','S60',2020,22),('7JRBR0FM0M','VOLVO','S60',2021,22),('7JRBR0FM0N','VOLVO','S60',2022,22),('7JRBR0FM1K','VOLVO','S60',2019,22),('7JRBR0FM2M','VOLVO','S60',2021,22),('7JRBR0FM3L','VOLVO','S60',2020,22),('7JRBR0FM3M','VOLVO','S60',2021,22),('7JRBR0FM5K','VOLVO','S60',2019,22),('7JRBR0FM5M','VOLVO','S60',2021,22),('7JRBR0FM6M','VOLVO','S60',2021,22),('7JRBR0FM7M','VOLVO','S60',2021,22),('7JRBR0FM9M','VOLVO','S60',2021,22),('7JRBR0FMXL','VOLVO','S60',2020,22),('7JRBR0FZ0N','VOLVO','S60',2022,22),('7JRBR0FZ1N','VOLVO','S60',2022,22),('7JRBR0FZ2M','VOLVO','S60',2021,22),('7JRBR0FZ2N','VOLVO','S60',2022,22),('7JRBR0FZ3N','VOLVO','S60',2022,22),('7JRBR0FZ4N','VOLVO','S60',2022,22),('7JRBR0FZ6N','VOLVO','S60',2022,22),('7JRBR0FZ7M','VOLVO','S60',2021,22),('7JRBR0FZ7N','VOLVO','S60',2022,22),('7JRBR0FZ8M','VOLVO','S60',2021,22),('7JRBR0FZ9N','VOLVO','S60',2022,22),('7JRBR0FZXM','VOLVO','S60',2021,22),('7JRBR0FZXN','VOLVO','S60',2022,22),('7JRH60FD0N','VOLVO','S60',2022,41),('7JRH60FD2N','VOLVO','S60',2022,41),('7JRH60FD3N','VOLVO','S60',2022,41),('7JRH60FD5N','VOLVO','S60',2022,41),('7JRH60FD7N','VOLVO','S60',2022,41),('7JRH60FL4N','VOLVO','S60',2022,41),('7JRH60FL7N','VOLVO','S60',2022,41),('7JRH60FZ4N','VOLVO','S60',2022,41),('7JRH60FZ6N','VOLVO','S60',2022,41),('7JRH60FZXN','VOLVO','S60',2022,41),('JF2GTDNC0K','SUBARU','CROSSTREK',2019,17),('JF2GTDNC1K','SUBARU','CROSSTREK',2019,17),('JF2GTDNC2K','SUBARU','CROSSTREK',2019,17),('JF2GTDNC3K','SUBARU','CROSSTREK',2019,17),('JF2GTDNC4K','SUBARU','CROSSTREK',2019,17),('JF2GTDNC5K','SUBARU','CROSSTREK',2019,17),('JF2GTDNC6K','SUBARU','CROSSTREK',2019,17),('JF2GTDNC7K','SUBARU','CROSSTREK',2019,17),('JF2GTDNC8K','SUBARU','CROSSTREK',2019,17),('JF2GTDNC9K','SUBARU','CROSSTREK',2019,17),('JF2GTDNCXK','SUBARU','CROSSTREK',2019,17),('LVYBR0AL1K','VOLVO','S90',2019,21),('LVYBR0AL2K','VOLVO','S90',2019,21),('LVYBR0AL3K','VOLVO','S90',2019,21),('LVYBR0AL5L','VOLVO','S90',2020,21),('LVYBR0AL6K','VOLVO','S90',2019,21),('LVYBR0AL6L','VOLVO','S90',2020,21),('LVYBR0AL9K','VOLVO','S90',2019,21),('LVYBR0ATXL','VOLVO','S90',2020,21),('LYVBR0DK2K','VOLVO','XC60',2019,17),('LYVBR0DK3K','VOLVO','XC60',2019,17),('LYVBR0DK4K','VOLVO','XC60',2019,17),('LYVBR0DK5K','VOLVO','XC60',2019,17),('LYVBR0DK6K','VOLVO','XC60',2019,17),('LYVBR0DK7K','VOLVO','XC60',2019,17),('LYVBR0DK8K','VOLVO','XC60',2019,17),('LYVBR0DK9K','VOLVO','XC60',2019,17),('LYVBR0DL0K','VOLVO','XC60',2019,17),('LYVBR0DL1K','VOLVO','XC60',2019,17),('LYVBR0DL2K','VOLVO','XC60',2019,17),('LYVBR0DL3K','VOLVO','XC60',2019,17),('LYVBR0DL4K','VOLVO','XC60',2019,17),('LYVBR0DL5K','VOLVO','XC60',2019,17),('LYVBR0DL7K','VOLVO','XC60',2019,17),('LYVBR0DL8K','VOLVO','XC60',2019,17),('LYVBR0DL9K','VOLVO','XC60',2019,17),('LYVBR0DLXK','VOLVO','XC60',2019,17),('LYVBR0DM0K','VOLVO','XC60',2019,17),('LYVBR0DM1K','VOLVO','XC60',2019,17),('LYVBR0DM2K','VOLVO','XC60',2019,17),('LYVBR0DM3K','VOLVO','XC60',2019,17),('LYVBR0DM4K','VOLVO','XC60',2019,17),('LYVBR0DM5K','VOLVO','XC60',2019,17),('LYVBR0DM6K','VOLVO','XC60',2019,17),('LYVBR0DM7K','VOLVO','XC60',2019,17),('LYVBR0DM8K','VOLVO','XC60',2019,17),('LYVBR0DM9K','VOLVO','XC60',2019,17),('LYVBR0DMXK','VOLVO','XC60',2019,17),('WP0AC2Y10L','PORSCHE','TAYCAN',2020,192),('WP0AC2Y10M','PORSCHE','TAYCAN',2021,192),('WP0AC2Y11L','PORSCHE','TAYCAN',2020,192),('WP0AC2Y11M','PORSCHE','TAYCAN',2021,192),('WP0AC2Y12L','PORSCHE','TAYCAN',2020,192),('WP0AC2Y12M','PORSCHE','TAYCAN',2021,192),('WP0AC2Y13L','PORSCHE','TAYCAN',2020,192),('WP0AC2Y13M','PORSCHE','TAYCAN',2021,192),('WP0AC2Y14L','PORSCHE','TAYCAN',2020,192),('WP0AC2Y14M','PORSCHE','TAYCAN',2021,192),('WP0AC2Y15L','PORSCHE','TAYCAN',2020,192),('WP0AC2Y15M','PORSCHE','TAYCAN',2021,192),('WP0AC2Y16L','PORSCHE','TAYCAN',2020,192),('WP0AC2Y16M','PORSCHE','TAYCAN',2021,192),('WP0AC2Y17L','PORSCHE','TAYCAN',2020,192),('WP0AC2Y17M','PORSCHE','TAYCAN',2021,192),('WP0AC2Y18L','PORSCHE','TAYCAN',2020,192),('WP0AC2Y18M','PORSCHE','TAYCAN',2021,192),('WP0AC2Y19L','PORSCHE','TAYCAN',2020,192),('WP0AC2Y19M','PORSCHE','TAYCAN',2021,192),('WP0AC2Y1XL','PORSCHE','TAYCAN',2020,192),('WP0AC2Y1XM','PORSCHE','TAYCAN',2021,192),('WP1AE2AY0L','PORSCHE','CAYENNE',2020,14),('WP1AE2AY1L','PORSCHE','CAYENNE',2020,14),('WP1AE2AY2L','PORSCHE','CAYENNE',2020,14),('WP1AE2AY4L','PORSCHE','CAYENNE',2020,14),('WP1AE2AY5L','PORSCHE','CAYENNE',2020,14),('WP1AE2AY6L','PORSCHE','CAYENNE',2020,14),('WP1AE2AY7L','PORSCHE','CAYENNE',2020,14),('WP1AE2AY8L','PORSCHE','CAYENNE',2020,14),('WP1AE2AY9L','PORSCHE','CAYENNE',2020,14),('WP1AE2AYXL','PORSCHE','CAYENNE',2020,14),('YV1BK0EP1M','VOLVO','V60',2021,22),('YV1BK0EP2L','VOLVO','V60',2020,22),('YV1BK0EP2N','VOLVO','V60',2022,22),('YV1BK0EP4M','VOLVO','V60',2021,22),('YV1BK0EP6L','VOLVO','V60',2020,22),('YV1BK0EP9L','VOLVO','V60',2020,22),('YV1BK0EP9M','VOLVO','V60',2021,22),('YV1H60EP3N','VOLVO','V60',2022,41),('YV1H60EP4N','VOLVO','V60',2022,41);
/*!40000 ALTER TABLE `vehicle_type` ENABLE KEYS */;
UNLOCK TABLES;

--
-- Table structure for table `vehicles`
--

DROP TABLE IF EXISTS `vehicles`;
/*!40101 SET @saved_cs_client     = @@character_set_client */;
/*!50503 SET character_set_client = utf8mb4 */;
CREATE TABLE `vehicles` (
  `DOL_vehicle_Id` int unsigned NOT NULL,
  `ev_type` varchar(45) NOT NULL,
  `cev_eligibility` varchar(45) NOT NULL,
  `base_msrp` int unsigned NOT NULL,
  `locations_location_id` int unsigned NOT NULL,
  `vehicle_type_VIN` varchar(45) NOT NULL,
  PRIMARY KEY (`DOL_vehicle_Id`),
  KEY `fk_vehicles_locations1_idx` (`locations_location_id`),
  KEY `fk_vehicles_vehicle_type1_idx` (`vehicle_type_VIN`),
  CONSTRAINT `fk_vehicles_locations1` FOREIGN KEY (`locations_location_id`) REFERENCES `locations` (`location_id`),
  CONSTRAINT `fk_vehicles_vehicle_type1` FOREIGN KEY (`vehicle_type_VIN`) REFERENCES `vehicle_type` (`VIN`)
) ENGINE=InnoDB DEFAULT CHARSET=utf8mb3;
/*!40101 SET character_set_client = @saved_cs_client */;

--
-- Dumping data for table `vehicles`
--

LOCK TABLES `vehicles` WRITE;
/*!40000 ALTER TABLE `vehicles` DISABLE KEYS */;
INSERT INTO `vehicles` VALUES (1851286,'Plug-in Hybrid Electric Vehicle (PHEV)','Not eligible due to low battery range',34995,687,'JF2GTDNC2K'),(1928258,'Plug-in Hybrid Electric Vehicle (PHEV)','Not eligible due to low battery range',34995,701,'JF2GTDNC5K'),(1995500,'Plug-in Hybrid Electric Vehicle (PHEV)','Not eligible due to low battery range',0,603,'7JRBR0FL0K'),(2735617,'Plug-in Hybrid Electric Vehicle (PHEV)','Not eligible due to low battery range',34995,725,'JF2GTDNC8K'),(3409514,'Plug-in Hybrid Electric Vehicle (PHEV)','Not eligible due to low battery range',52900,787,'LYVBR0DM0K'),(3432747,'Plug-in Hybrid Electric Vehicle (PHEV)','Not eligible due to low battery range',34995,702,'JF2GTDNC5K'),(3627382,'Plug-in Hybrid Electric Vehicle (PHEV)','Not eligible due to low battery range',34995,718,'JF2GTDNC7K'),(4638882,'Plug-in Hybrid Electric Vehicle (PHEV)','Not eligible due to low battery range',34995,688,'JF2GTDNC2K'),(4697248,'Plug-in Hybrid Electric Vehicle (PHEV)','Not eligible due to low battery range',0,644,'7JRBR0FM5K'),(4872962,'Plug-in Hybrid Electric Vehicle (PHEV)','Not eligible due to low battery range',34995,680,'JF2GTDNC0K'),(6201982,'Plug-in Hybrid Electric Vehicle (PHEV)','Not eligible due to low battery range',0,642,'7JRBR0FM3L'),(6404555,'Battery Electric Vehicle (BEV)','Clean Alternative Fuel Vehicle Eligible',0,888,'WP0AC2Y17L'),(8106087,'Plug-in Hybrid Electric Vehicle (PHEV)','Not eligible due to low battery range',52900,781,'LYVBR0DL9K'),(8621560,'Plug-in Hybrid Electric Vehicle (PHEV)','Not eligible due to low battery range',34995,703,'JF2GTDNC5K'),(8952737,'Plug-in Hybrid Electric Vehicle (PHEV)','Not eligible due to low battery range',34995,689,'JF2GTDNC2K'),(9469757,'Plug-in Hybrid Electric Vehicle (PHEV)','Not eligible due to low battery range',34995,681,'JF2GTDNC0K'),(9554653,'Battery Electric Vehicle (BEV)','Clean Alternative Fuel Vehicle Eligible',0,872,'WP0AC2Y15L'),(9695192,'Plug-in Hybrid Electric Vehicle (PHEV)','Not eligible due to low battery range',0,623,'7JRBR0FL8L'),(100835234,'Plug-in Hybrid Electric Vehicle (PHEV)','Not eligible due to low battery range',34995,690,'JF2GTDNC2K'),(101396522,'Plug-in Hybrid Electric Vehicle (PHEV)','Not eligible due to low battery range',0,649,'7JRBR0FMXL'),(102661345,'Plug-in Hybrid Electric Vehicle (PHEV)','Not eligible due to low battery range',34995,693,'JF2GTDNC3K'),(103149980,'Plug-in Hybrid Electric Vehicle (PHEV)','Not eligible due to low battery range',0,609,'7JRBR0FL4L'),(103396919,'Battery Electric Vehicle (BEV)','Clean Alternative Fuel Vehicle Eligible',0,880,'WP0AC2Y16L'),(103898749,'Plug-in Hybrid Electric Vehicle (PHEV)','Not eligible due to low battery range',52900,830,'LYVBR0DMXK'),(104194842,'Battery Electric Vehicle (BEV)','Clean Alternative Fuel Vehicle Eligible',0,881,'WP0AC2Y16L'),(106167141,'Battery Electric Vehicle (BEV)','Clean Alternative Fuel Vehicle Eligible',0,889,'WP0AC2Y17L'),(107129088,'Battery Electric Vehicle (BEV)','Clean Alternative Fuel Vehicle Eligible',0,898,'WP0AC2Y18L'),(107379639,'Battery Electric Vehicle (BEV)','Clean Alternative Fuel Vehicle Eligible',0,890,'WP0AC2Y17L'),(107625563,'Plug-in Hybrid Electric Vehicle (PHEV)','Not eligible due to low battery range',81100,922,'WP1AE2AY4L'),(107755245,'Plug-in Hybrid Electric Vehicle (PHEV)','Not eligible due to low battery range',81100,923,'WP1AE2AY4L'),(107796531,'Plug-in Hybrid Electric Vehicle (PHEV)','Not eligible due to low battery range',0,640,'7JRBR0FM1K'),(109110487,'Plug-in Hybrid Electric Vehicle (PHEV)','Not eligible due to low battery range',0,741,'LVYBR0AL5L'),(110530647,'Plug-in Hybrid Electric Vehicle (PHEV)','Not eligible due to low battery range',52900,814,'LYVBR0DM6K'),(111624929,'Plug-in Hybrid Electric Vehicle (PHEV)','Not eligible due to low battery range',34995,713,'JF2GTDNC6K'),(112063668,'Battery Electric Vehicle (BEV)','Clean Alternative Fuel Vehicle Eligible',0,866,'WP0AC2Y14L'),(112375504,'Battery Electric Vehicle (BEV)','Clean Alternative Fuel Vehicle Eligible',0,849,'WP0AC2Y12L'),(113028975,'Plug-in Hybrid Electric Vehicle (PHEV)','Not eligible due to low battery range',52900,805,'LYVBR0DM4K'),(113140401,'Plug-in Hybrid Electric Vehicle (PHEV)','Not eligible due to low battery range',81100,917,'WP1AE2AY1L'),(113229637,'Plug-in Hybrid Electric Vehicle (PHEV)','Not eligible due to low battery range',81100,924,'WP1AE2AY5L'),(113481700,'Battery Electric Vehicle (BEV)','Clean Alternative Fuel Vehicle Eligible',0,843,'WP0AC2Y11L'),(113607252,'Battery Electric Vehicle (BEV)','Clean Alternative Fuel Vehicle Eligible',0,891,'WP0AC2Y17L'),(115024164,'Plug-in Hybrid Electric Vehicle (PHEV)','Not eligible due to low battery range',0,935,'YV1BK0EP2L'),(115190659,'Plug-in Hybrid Electric Vehicle (PHEV)','Not eligible due to low battery range',0,631,'7JRBR0FLXL'),(115374913,'Battery Electric Vehicle (BEV)','Clean Alternative Fuel Vehicle Eligible',0,834,'WP0AC2Y10L'),(117428629,'Plug-in Hybrid Electric Vehicle (PHEV)','Not eligible due to low battery range',52900,793,'LYVBR0DM1K'),(117744140,'Battery Electric Vehicle (BEV)','Clean Alternative Fuel Vehicle Eligible',0,856,'WP0AC2Y13L'),(117770502,'Battery Electric Vehicle (BEV)','Clean Alternative Fuel Vehicle Eligible',0,912,'WP0AC2Y1XL'),(117982945,'Plug-in Hybrid Electric Vehicle (PHEV)','Not eligible due to low battery range',34995,704,'JF2GTDNC5K'),(120607126,'Plug-in Hybrid Electric Vehicle (PHEV)','Not eligible due to low battery range',81100,930,'WP1AE2AY8L'),(121934515,'Battery Electric Vehicle (BEV)','Clean Alternative Fuel Vehicle Eligible',0,899,'WP0AC2Y18L'),(121973022,'Plug-in Hybrid Electric Vehicle (PHEV)','Not eligible due to low battery range',0,636,'7JRBR0FM0L'),(122032669,'Plug-in Hybrid Electric Vehicle (PHEV)','Not eligible due to low battery range',81100,931,'WP1AE2AY9L'),(122153153,'Plug-in Hybrid Electric Vehicle (PHEV)','Not eligible due to low battery range',81100,915,'WP1AE2AY0L'),(122251342,'Battery Electric Vehicle (BEV)','Clean Alternative Fuel Vehicle Eligible',0,873,'WP0AC2Y15L'),(122359457,'Battery Electric Vehicle (BEV)','Clean Alternative Fuel Vehicle Eligible',0,867,'WP0AC2Y14L'),(122366863,'Plug-in Hybrid Electric Vehicle (PHEV)','Not eligible due to low battery range',0,602,'7JRBK0FP8L'),(122397229,'Plug-in Hybrid Electric Vehicle (PHEV)','Not eligible due to low battery range',81100,918,'WP1AE2AY1L'),(122691236,'Battery Electric Vehicle (BEV)','Clean Alternative Fuel Vehicle Eligible',0,900,'WP0AC2Y18L'),(122831740,'Plug-in Hybrid Electric Vehicle (PHEV)','Not eligible due to low battery range',81100,919,'WP1AE2AY1L'),(122947086,'Plug-in Hybrid Electric Vehicle (PHEV)','Not eligible due to low battery range',52900,800,'LYVBR0DM3K'),(123212694,'Plug-in Hybrid Electric Vehicle (PHEV)','Not eligible due to low battery range',0,939,'YV1BK0EP6L'),(123426397,'Battery Electric Vehicle (BEV)','Clean Alternative Fuel Vehicle Eligible',0,835,'WP0AC2Y10L'),(123691165,'Battery Electric Vehicle (BEV)','Clean Alternative Fuel Vehicle Eligible',0,882,'WP0AC2Y16L'),(124060100,'Battery Electric Vehicle (BEV)','Clean Alternative Fuel Vehicle Eligible',0,874,'WP0AC2Y15L'),(124096388,'Plug-in Hybrid Electric Vehicle (PHEV)','Not eligible due to low battery range',34995,698,'JF2GTDNC4K'),(125299464,'Plug-in Hybrid Electric Vehicle (PHEV)','Not eligible due to low battery range',52900,831,'LYVBR0DMXK'),(125711603,'Plug-in Hybrid Electric Vehicle (PHEV)','Not eligible due to low battery range',0,742,'LVYBR0AL6K'),(125773847,'Battery Electric Vehicle (BEV)','Clean Alternative Fuel Vehicle Eligible',0,850,'WP0AC2Y12L'),(125994935,'Plug-in Hybrid Electric Vehicle (PHEV)','Not eligible due to low battery range',52900,766,'LYVBR0DL2K'),(126083002,'Plug-in Hybrid Electric Vehicle (PHEV)','Not eligible due to low battery range',81100,916,'WP1AE2AY0L'),(127130307,'Plug-in Hybrid Electric Vehicle (PHEV)','Not eligible due to low battery range',52900,785,'LYVBR0DLXK'),(127331550,'Battery Electric Vehicle (BEV)','Clean Alternative Fuel Vehicle Eligible',0,836,'WP0AC2Y10L'),(128450724,'Plug-in Hybrid Electric Vehicle (PHEV)','Not eligible due to low battery range',52900,820,'LYVBR0DM7K'),(128570242,'Battery Electric Vehicle (BEV)','Clean Alternative Fuel Vehicle Eligible',0,875,'WP0AC2Y15L'),(128580294,'Battery Electric Vehicle (BEV)','Clean Alternative Fuel Vehicle Eligible',0,868,'WP0AC2Y14L'),(128594035,'Battery Electric Vehicle (BEV)','Clean Alternative Fuel Vehicle Eligible',0,892,'WP0AC2Y17L'),(131236689,'Plug-in Hybrid Electric Vehicle (PHEV)','Not eligible due to low battery range',34995,726,'JF2GTDNC8K'),(131615053,'Plug-in Hybrid Electric Vehicle (PHEV)','Not eligible due to low battery range',81100,926,'WP1AE2AY6L'),(131616201,'Battery Electric Vehicle (BEV)','Clean Alternative Fuel Vehicle Eligible',0,883,'WP0AC2Y16L'),(132158960,'Battery Electric Vehicle (BEV)','Clean Alternative Fuel Vehicle Eligible',0,851,'WP0AC2Y12L'),(132645649,'Plug-in Hybrid Electric Vehicle (PHEV)','Not eligible due to low battery range',34995,705,'JF2GTDNC5K'),(133539654,'Plug-in Hybrid Electric Vehicle (PHEV)','Not eligible due to low battery range',81100,927,'WP1AE2AY7L'),(133756150,'Plug-in Hybrid Electric Vehicle (PHEV)','Not eligible due to low battery range',0,637,'7JRBR0FM0L'),(135263698,'Battery Electric Vehicle (BEV)','Clean Alternative Fuel Vehicle Eligible',0,853,'WP0AC2Y12M'),(136917455,'Plug-in Hybrid Electric Vehicle (PHEV)','Not eligible due to low battery range',0,624,'7JRBR0FL8M'),(136977725,'Plug-in Hybrid Electric Vehicle (PHEV)','Not eligible due to low battery range',52900,788,'LYVBR0DM0K'),(137006397,'Plug-in Hybrid Electric Vehicle (PHEV)','Not eligible due to low battery range',52900,815,'LYVBR0DM6K'),(137275484,'Plug-in Hybrid Electric Vehicle (PHEV)','Not eligible due to low battery range',0,646,'7JRBR0FM6M'),(138492245,'Battery Electric Vehicle (BEV)','Clean Alternative Fuel Vehicle Eligible',0,844,'WP0AC2Y11L'),(138927372,'Plug-in Hybrid Electric Vehicle (PHEV)','Not eligible due to low battery range',81100,920,'WP1AE2AY1L'),(138971276,'Plug-in Hybrid Electric Vehicle (PHEV)','Not eligible due to low battery range',0,619,'7JRBR0FL7M'),(139945284,'Plug-in Hybrid Electric Vehicle (PHEV)','Not eligible due to low battery range',0,744,'LVYBR0AL9K'),(141281045,'Plug-in Hybrid Electric Vehicle (PHEV)','Not eligible due to low battery range',0,641,'7JRBR0FM2M'),(141838126,'Plug-in Hybrid Electric Vehicle (PHEV)','Not eligible due to low battery range',0,600,'7JRBK0FP0M'),(141946794,'Battery Electric Vehicle (BEV)','Clean Alternative Fuel Vehicle Eligible',0,841,'WP0AC2Y10M'),(142102880,'Plug-in Hybrid Electric Vehicle (PHEV)','Not eligible due to low battery range',81100,921,'WP1AE2AY2L'),(142105617,'Battery Electric Vehicle (BEV)','Clean Alternative Fuel Vehicle Eligible',0,878,'WP0AC2Y15M'),(142161554,'Plug-in Hybrid Electric Vehicle (PHEV)','Not eligible due to low battery range',0,625,'7JRBR0FL8M'),(142197590,'Plug-in Hybrid Electric Vehicle (PHEV)','Not eligible due to low battery range',34995,706,'JF2GTDNC5K'),(142204380,'Plug-in Hybrid Electric Vehicle (PHEV)','Not eligible due to low battery range',52900,782,'LYVBR0DL9K'),(142963236,'Plug-in Hybrid Electric Vehicle (PHEV)','Not eligible due to low battery range',52900,783,'LYVBR0DL9K'),(143070644,'Battery Electric Vehicle (BEV)','Clean Alternative Fuel Vehicle Eligible',0,854,'WP0AC2Y12M'),(144075410,'Plug-in Hybrid Electric Vehicle (PHEV)','Not eligible due to low battery range',52900,758,'LYVBR0DL0K'),(144233232,'Plug-in Hybrid Electric Vehicle (PHEV)','Not eligible due to low battery range',0,647,'7JRBR0FM7M'),(144275764,'Plug-in Hybrid Electric Vehicle (PHEV)','Not eligible due to low battery range',0,666,'7JRBR0FZXM'),(144427986,'Plug-in Hybrid Electric Vehicle (PHEV)','Not eligible due to low battery range',34995,699,'JF2GTDNC4K'),(144502018,'Plug-in Hybrid Electric Vehicle (PHEV)','Not eligible due to low battery range',0,628,'7JRBR0FL9M'),(145826082,'Plug-in Hybrid Electric Vehicle (PHEV)','Not eligible due to low battery range',0,604,'7JRBR0FL1M'),(146923850,'Battery Electric Vehicle (BEV)','Clean Alternative Fuel Vehicle Eligible',0,842,'WP0AC2Y10M'),(147010062,'Plug-in Hybrid Electric Vehicle (PHEV)','Not eligible due to low battery range',0,940,'YV1BK0EP9L'),(147044978,'Battery Electric Vehicle (BEV)','Clean Alternative Fuel Vehicle Eligible',0,879,'WP0AC2Y15M'),(147996124,'Battery Electric Vehicle (BEV)','Clean Alternative Fuel Vehicle Eligible',0,904,'WP0AC2Y18M'),(148283530,'Plug-in Hybrid Electric Vehicle (PHEV)','Not eligible due to low battery range',0,934,'YV1BK0EP1M'),(148415914,'Battery Electric Vehicle (BEV)','Clean Alternative Fuel Vehicle Eligible',0,845,'WP0AC2Y11L'),(148825295,'Plug-in Hybrid Electric Vehicle (PHEV)','Not eligible due to low battery range',0,648,'7JRBR0FM9M'),(148923281,'Plug-in Hybrid Electric Vehicle (PHEV)','Not eligible due to low battery range',0,620,'7JRBR0FL7M'),(148952947,'Plug-in Hybrid Electric Vehicle (PHEV)','Not eligible due to low battery range',52900,759,'LYVBR0DL0K'),(148968053,'Plug-in Hybrid Electric Vehicle (PHEV)','Not eligible due to low battery range',0,662,'7JRBR0FZ8M'),(149078541,'Battery Electric Vehicle (BEV)','Clean Alternative Fuel Vehicle Eligible',0,886,'WP0AC2Y16M'),(150161189,'Battery Electric Vehicle (BEV)','Clean Alternative Fuel Vehicle Eligible',0,905,'WP0AC2Y18M'),(150212583,'Battery Electric Vehicle (BEV)','Clean Alternative Fuel Vehicle Eligible',0,908,'WP0AC2Y19L'),(150579236,'Plug-in Hybrid Electric Vehicle (PHEV)','Not eligible due to low battery range',52900,816,'LYVBR0DM6K'),(151005816,'Battery Electric Vehicle (BEV)','Clean Alternative Fuel Vehicle Eligible',0,847,'WP0AC2Y11M'),(151043126,'Battery Electric Vehicle (BEV)','Clean Alternative Fuel Vehicle Eligible',0,901,'WP0AC2Y18L'),(151184680,'Plug-in Hybrid Electric Vehicle (PHEV)','Not eligible due to low battery range',0,652,'7JRBR0FZ2M'),(151371888,'Battery Electric Vehicle (BEV)','Clean Alternative Fuel Vehicle Eligible',0,906,'WP0AC2Y18M'),(151492911,'Plug-in Hybrid Electric Vehicle (PHEV)','Not eligible due to low battery range',52900,763,'LYVBR0DL1K'),(151611645,'Plug-in Hybrid Electric Vehicle (PHEV)','Not eligible due to low battery range',0,610,'7JRBR0FL4M'),(151626345,'Battery Electric Vehicle (BEV)','Clean Alternative Fuel Vehicle Eligible',0,846,'WP0AC2Y11L'),(152059596,'Plug-in Hybrid Electric Vehicle (PHEV)','Not eligible due to low battery range',81100,932,'WP1AE2AYXL'),(152367407,'Battery Electric Vehicle (BEV)','Clean Alternative Fuel Vehicle Eligible',0,876,'WP0AC2Y15L'),(152569931,'Plug-in Hybrid Electric Vehicle (PHEV)','Not eligible due to low battery range',0,645,'7JRBR0FM5M'),(152584134,'Plug-in Hybrid Electric Vehicle (PHEV)','Not eligible due to low battery range',0,938,'YV1BK0EP4M'),(152759218,'Plug-in Hybrid Electric Vehicle (PHEV)','Not eligible due to low battery range',0,605,'7JRBR0FL1M'),(153839458,'Plug-in Hybrid Electric Vehicle (PHEV)','Not eligible due to low battery range',0,660,'7JRBR0FZ7M'),(154005050,'Plug-in Hybrid Electric Vehicle (PHEV)','Not eligible due to low battery range',0,663,'7JRBR0FZ8M'),(154184761,'Battery Electric Vehicle (BEV)','Clean Alternative Fuel Vehicle Eligible',0,887,'WP0AC2Y16M'),(154400669,'Plug-in Hybrid Electric Vehicle (PHEV)','Not eligible due to low battery range',81100,933,'WP1AE2AYXL'),(154496373,'Battery Electric Vehicle (BEV)','Clean Alternative Fuel Vehicle Eligible',0,852,'WP0AC2Y12L'),(154511689,'Plug-in Hybrid Electric Vehicle (PHEV)','Not eligible due to low battery range',52900,764,'LYVBR0DL1K'),(154751208,'Battery Electric Vehicle (BEV)','Clean Alternative Fuel Vehicle Eligible',0,862,'WP0AC2Y13M'),(154856208,'Battery Electric Vehicle (BEV)','Clean Alternative Fuel Vehicle Eligible',0,837,'WP0AC2Y10L'),(156088642,'Plug-in Hybrid Electric Vehicle (PHEV)','Not eligible due to low battery range',34995,694,'JF2GTDNC3K'),(156585558,'Battery Electric Vehicle (BEV)','Clean Alternative Fuel Vehicle Eligible',0,893,'WP0AC2Y17L'),(157630980,'Plug-in Hybrid Electric Vehicle (PHEV)','Not eligible due to low battery range',0,664,'7JRBR0FZ8M'),(157765044,'Battery Electric Vehicle (BEV)','Clean Alternative Fuel Vehicle Eligible',0,877,'WP0AC2Y15L'),(157802816,'Plug-in Hybrid Electric Vehicle (PHEV)','Not eligible due to low battery range',34995,730,'JF2GTDNC9K'),(161101013,'Battery Electric Vehicle (BEV)','Clean Alternative Fuel Vehicle Eligible',0,897,'WP0AC2Y17M'),(161207973,'Battery Electric Vehicle (BEV)','Clean Alternative Fuel Vehicle Eligible',0,870,'WP0AC2Y14M'),(166868572,'Battery Electric Vehicle (BEV)','Clean Alternative Fuel Vehicle Eligible',0,894,'WP0AC2Y17L'),(167181563,'Plug-in Hybrid Electric Vehicle (PHEV)','Not eligible due to low battery range',0,638,'7JRBR0FM0M'),(167204467,'Battery Electric Vehicle (BEV)','Clean Alternative Fuel Vehicle Eligible',0,895,'WP0AC2Y17L'),(167211019,'Battery Electric Vehicle (BEV)','Clean Alternative Fuel Vehicle Eligible',0,857,'WP0AC2Y13L'),(168670806,'Battery Electric Vehicle (BEV)','Clean Alternative Fuel Vehicle Eligible',0,902,'WP0AC2Y18L'),(169364688,'Battery Electric Vehicle (BEV)','Clean Alternative Fuel Vehicle Eligible',0,858,'WP0AC2Y13L'),(169466916,'Battery Electric Vehicle (BEV)','Clean Alternative Fuel Vehicle Eligible',0,909,'WP0AC2Y19L'),(169515188,'Battery Electric Vehicle (BEV)','Clean Alternative Fuel Vehicle Eligible',0,859,'WP0AC2Y13L'),(169886650,'Plug-in Hybrid Electric Vehicle (PHEV)','Not eligible due to low battery range',52900,748,'LYVBR0DK4K'),(170918282,'Plug-in Hybrid Electric Vehicle (PHEV)','Not eligible due to low battery range',0,614,'7JRBR0FL6M'),(170979812,'Plug-in Hybrid Electric Vehicle (PHEV)','Not eligible due to low battery range',52900,797,'LYVBR0DM2K'),(171550158,'Battery Electric Vehicle (BEV)','Clean Alternative Fuel Vehicle Eligible',0,855,'WP0AC2Y12M'),(172367016,'Plug-in Hybrid Electric Vehicle (PHEV)','Not eligible due to low battery range',0,629,'7JRBR0FL9M'),(172406496,'Plug-in Hybrid Electric Vehicle (PHEV)','Not eligible due to low battery range',34995,719,'JF2GTDNC7K'),(172518979,'Plug-in Hybrid Electric Vehicle (PHEV)','Not eligible due to low battery range',52900,794,'LYVBR0DM1K'),(172554833,'Battery Electric Vehicle (BEV)','Clean Alternative Fuel Vehicle Eligible',0,869,'WP0AC2Y14L'),(175582921,'Plug-in Hybrid Electric Vehicle (PHEV)','Not eligible due to low battery range',0,608,'7JRBR0FL3M'),(176174302,'Plug-in Hybrid Electric Vehicle (PHEV)','Not eligible due to low battery range',34995,707,'JF2GTDNC5K'),(176202946,'Plug-in Hybrid Electric Vehicle (PHEV)','Not eligible due to low battery range',34995,720,'JF2GTDNC7K'),(176267920,'Plug-in Hybrid Electric Vehicle (PHEV)','Not eligible due to low battery range',0,643,'7JRBR0FM3M'),(176283418,'Plug-in Hybrid Electric Vehicle (PHEV)','Not eligible due to low battery range',0,632,'7JRBR0FLXM'),(176414339,'Battery Electric Vehicle (BEV)','Clean Alternative Fuel Vehicle Eligible',0,838,'WP0AC2Y10L'),(176467630,'Plug-in Hybrid Electric Vehicle (PHEV)','Not eligible due to low battery range',52900,801,'LYVBR0DM3K'),(176473860,'Plug-in Hybrid Electric Vehicle (PHEV)','Not eligible due to low battery range',34995,684,'JF2GTDNC1K'),(177692798,'Battery Electric Vehicle (BEV)','Clean Alternative Fuel Vehicle Eligible',0,913,'WP0AC2Y1XL'),(178913619,'Plug-in Hybrid Electric Vehicle (PHEV)','Not eligible due to low battery range',0,616,'7JRBR0FL6N'),(179093148,'Battery Electric Vehicle (BEV)','Clean Alternative Fuel Vehicle Eligible',0,863,'WP0AC2Y13M'),(179111446,'Plug-in Hybrid Electric Vehicle (PHEV)','Not eligible due to low battery range',0,611,'7JRBR0FL4M'),(179118236,'Plug-in Hybrid Electric Vehicle (PHEV)','Not eligible due to low battery range',34995,682,'JF2GTDNC0K'),(179137570,'Plug-in Hybrid Electric Vehicle (PHEV)','Not eligible due to low battery range',0,626,'7JRBR0FL9K'),(179261218,'Battery Electric Vehicle (BEV)','Clean Alternative Fuel Vehicle Eligible',0,864,'WP0AC2Y13M'),(179412299,'Battery Electric Vehicle (BEV)','Clean Alternative Fuel Vehicle Eligible',0,910,'WP0AC2Y19M'),(179427167,'Plug-in Hybrid Electric Vehicle (PHEV)','Not eligible due to low battery range',34995,714,'JF2GTDNC6K'),(179428343,'Plug-in Hybrid Electric Vehicle (PHEV)','Not eligible due to low battery range',0,630,'7JRBR0FL9N'),(179600515,'Plug-in Hybrid Electric Vehicle (PHEV)','Not eligible due to low battery range',52900,821,'LYVBR0DM7K'),(179684053,'Plug-in Hybrid Electric Vehicle (PHEV)','Not eligible due to low battery range',81100,925,'WP1AE2AY5L'),(179818327,'Plug-in Hybrid Electric Vehicle (PHEV)','Not eligible due to low battery range',0,612,'7JRBR0FL4N'),(180350579,'Battery Electric Vehicle (BEV)','Clean Alternative Fuel Vehicle Eligible',0,865,'WP0AC2Y13M'),(180485987,'Plug-in Hybrid Electric Vehicle (PHEV)','Not eligible due to low battery range',0,743,'LVYBR0AL6L'),(180609110,'Plug-in Hybrid Electric Vehicle (PHEV)','Not eligible due to low battery range',0,657,'7JRBR0FZ6N'),(180847649,'Plug-in Hybrid Electric Vehicle (PHEV)','Not eligible due to low battery range',52900,795,'LYVBR0DM1K'),(181027269,'Battery Electric Vehicle (BEV)','Clean Alternative Fuel Vehicle Eligible',0,884,'WP0AC2Y16L'),(183073425,'Plug-in Hybrid Electric Vehicle (PHEV)','Not eligible due to low battery range',81100,928,'WP1AE2AY7L'),(183515069,'Plug-in Hybrid Electric Vehicle (PHEV)','Not eligible due to low battery range',52900,760,'LYVBR0DL0K'),(185533526,'Plug-in Hybrid Electric Vehicle (PHEV)','Not eligible due to low battery range',34995,721,'JF2GTDNC7K'),(185640738,'Plug-in Hybrid Electric Vehicle (PHEV)','Not eligible due to low battery range',52900,765,'LYVBR0DL1K'),(186047963,'Plug-in Hybrid Electric Vehicle (PHEV)','Not eligible due to low battery range',34995,715,'JF2GTDNC6K'),(186110291,'Plug-in Hybrid Electric Vehicle (PHEV)','Not eligible due to low battery range',0,941,'YV1BK0EP9M'),(186150891,'Plug-in Hybrid Electric Vehicle (PHEV)','Not eligible due to low battery range',0,740,'LVYBR0AL3K'),(186413489,'Plug-in Hybrid Electric Vehicle (PHEV)','Not eligible due to low battery range',34995,708,'JF2GTDNC5K'),(186657005,'Plug-in Hybrid Electric Vehicle (PHEV)','Not eligible due to low battery range',0,738,'LVYBR0AL1K'),(186947484,'Plug-in Hybrid Electric Vehicle (PHEV)','Not eligible due to low battery range',34995,695,'JF2GTDNC3K'),(187169482,'Plug-in Hybrid Electric Vehicle (PHEV)','Not eligible due to low battery range',34995,727,'JF2GTDNC8K'),(187196033,'Plug-in Hybrid Electric Vehicle (PHEV)','Not eligible due to low battery range',0,633,'7JRBR0FLXN'),(187481570,'Plug-in Hybrid Electric Vehicle (PHEV)','Not eligible due to low battery range',52900,789,'LYVBR0DM0K'),(187956604,'Plug-in Hybrid Electric Vehicle (PHEV)','Not eligible due to low battery range',0,606,'7JRBR0FL1N'),(190251015,'Battery Electric Vehicle (BEV)','Clean Alternative Fuel Vehicle Eligible',0,848,'WP0AC2Y11M'),(190828508,'Plug-in Hybrid Electric Vehicle (PHEV)','Not eligible due to low battery range',0,658,'7JRBR0FZ6N'),(192359366,'Plug-in Hybrid Electric Vehicle (PHEV)','Not eligible due to low battery range',0,667,'7JRBR0FZXN'),(192595714,'Plug-in Hybrid Electric Vehicle (PHEV)','Not eligible due to low battery range',0,601,'7JRBK0FP6M'),(192705705,'Plug-in Hybrid Electric Vehicle (PHEV)','Not eligible due to low battery range',0,656,'7JRBR0FZ4N'),(192783545,'Plug-in Hybrid Electric Vehicle (PHEV)','Not eligible due to low battery range',0,661,'7JRBR0FZ7N'),(192880901,'Battery Electric Vehicle (BEV)','Clean Alternative Fuel Vehicle Eligible',0,871,'WP0AC2Y14M'),(193406608,'Plug-in Hybrid Electric Vehicle (PHEV)','Not eligible due to low battery range',34995,716,'JF2GTDNC6K'),(193619240,'Plug-in Hybrid Electric Vehicle (PHEV)','Not eligible due to low battery range',0,615,'7JRBR0FL6M'),(193937096,'Plug-in Hybrid Electric Vehicle (PHEV)','Not eligible due to low battery range',0,650,'7JRBR0FZ0N'),(194079945,'Plug-in Hybrid Electric Vehicle (PHEV)','Not eligible due to low battery range',52900,776,'LYVBR0DL8K'),(194138983,'Plug-in Hybrid Electric Vehicle (PHEV)','Not eligible due to low battery range',0,607,'7JRBR0FL1N'),(194401161,'Plug-in Hybrid Electric Vehicle (PHEV)','Not eligible due to low battery range',0,937,'YV1BK0EP2N'),(195051524,'Plug-in Hybrid Electric Vehicle (PHEV)','Not eligible due to low battery range',0,659,'7JRBR0FZ6N'),(195114132,'Plug-in Hybrid Electric Vehicle (PHEV)','Not eligible due to low battery range',0,651,'7JRBR0FZ1N'),(195197642,'Plug-in Hybrid Electric Vehicle (PHEV)','Not eligible due to low battery range',0,618,'7JRBR0FL7L'),(195916248,'Battery Electric Vehicle (BEV)','Clean Alternative Fuel Vehicle Eligible',0,860,'WP0AC2Y13L'),(196364017,'Plug-in Hybrid Electric Vehicle (PHEV)','Not eligible due to low battery range',0,613,'7JRBR0FL4N'),(196483430,'Plug-in Hybrid Electric Vehicle (PHEV)','Not eligible due to low battery range',52900,749,'LYVBR0DK4K'),(198234361,'Battery Electric Vehicle (BEV)','Clean Alternative Fuel Vehicle Eligible',0,911,'WP0AC2Y19M'),(198671168,'Battery Electric Vehicle (BEV)','Clean Alternative Fuel Vehicle Eligible',0,861,'WP0AC2Y13L'),(198676936,'Plug-in Hybrid Electric Vehicle (PHEV)','Not eligible due to low battery range',0,653,'7JRBR0FZ2N'),(198759746,'Plug-in Hybrid Electric Vehicle (PHEV)','Not eligible due to low battery range',0,617,'7JRBR0FL6N'),(198897912,'Plug-in Hybrid Electric Vehicle (PHEV)','Not eligible due to low battery range',52900,750,'LYVBR0DK5K'),(199004508,'Battery Electric Vehicle (BEV)','Clean Alternative Fuel Vehicle Eligible',0,914,'WP0AC2Y1XM'),(199228263,'Plug-in Hybrid Electric Vehicle (PHEV)','Clean Alternative Fuel Vehicle Eligible',0,942,'YV1H60EP3N'),(199390089,'Plug-in Hybrid Electric Vehicle (PHEV)','Not eligible due to low battery range',52900,747,'LYVBR0DK3K'),(199455063,'Plug-in Hybrid Electric Vehicle (PHEV)','Clean Alternative Fuel Vehicle Eligible',0,943,'YV1H60EP4N'),(199464863,'Plug-in Hybrid Electric Vehicle (PHEV)','Not eligible due to low battery range',0,665,'7JRBR0FZ9N'),(202104157,'Plug-in Hybrid Electric Vehicle (PHEV)','Not eligible due to low battery range',52900,822,'LYVBR0DM7K'),(202160402,'Plug-in Hybrid Electric Vehicle (PHEV)','Not eligible due to low battery range',52900,827,'LYVBR0DM9K'),(203022592,'Plug-in Hybrid Electric Vehicle (PHEV)','Not eligible due to low battery range',52900,786,'LYVBR0DLXK'),(203323767,'Plug-in Hybrid Electric Vehicle (PHEV)','Not eligible due to low battery range',0,654,'7JRBR0FZ2N'),(203575137,'Plug-in Hybrid Electric Vehicle (PHEV)','Not eligible due to low battery range',0,655,'7JRBR0FZ3N'),(204954123,'Plug-in Hybrid Electric Vehicle (PHEV)','Not eligible due to low battery range',52900,767,'LYVBR0DL2K'),(205035967,'Plug-in Hybrid Electric Vehicle (PHEV)','Not eligible due to low battery range',0,639,'7JRBR0FM0N'),(205872523,'Plug-in Hybrid Electric Vehicle (PHEV)','Not eligible due to low battery range',52900,756,'LYVBR0DK9K'),(206930384,'Plug-in Hybrid Electric Vehicle (PHEV)','Not eligible due to low battery range',52900,761,'LYVBR0DL0K'),(207775431,'Battery Electric Vehicle (BEV)','Clean Alternative Fuel Vehicle Eligible',0,839,'WP0AC2Y10L'),(207849876,'Plug-in Hybrid Electric Vehicle (PHEV)','Not eligible due to low battery range',34995,722,'JF2GTDNC7K'),(207916600,'Plug-in Hybrid Electric Vehicle (PHEV)','Not eligible due to low battery range',0,634,'7JRBR0FM0K'),(208428272,'Plug-in Hybrid Electric Vehicle (PHEV)','Not eligible due to low battery range',52900,769,'LYVBR0DL3K'),(208712598,'Plug-in Hybrid Electric Vehicle (PHEV)','Not eligible due to low battery range',0,622,'7JRBR0FL8K'),(209770963,'Battery Electric Vehicle (BEV)','Clean Alternative Fuel Vehicle Eligible',0,840,'WP0AC2Y10L'),(211029402,'Plug-in Hybrid Electric Vehicle (PHEV)','Not eligible due to low battery range',52900,828,'LYVBR0DM9K'),(211167267,'Plug-in Hybrid Electric Vehicle (PHEV)','Not eligible due to low battery range',34995,723,'JF2GTDNC7K'),(211313602,'Plug-in Hybrid Electric Vehicle (PHEV)','Not eligible due to low battery range',52900,777,'LYVBR0DL8K'),(211442185,'Plug-in Hybrid Electric Vehicle (PHEV)','Not eligible due to low battery range',34995,733,'JF2GTDNCXK'),(211685701,'Plug-in Hybrid Electric Vehicle (PHEV)','Not eligible due to low battery range',52900,823,'LYVBR0DM7K'),(212102502,'Plug-in Hybrid Electric Vehicle (PHEV)','Not eligible due to low battery range',34995,709,'JF2GTDNC5K'),(212217750,'Plug-in Hybrid Electric Vehicle (PHEV)','Not eligible due to low battery range',52900,798,'LYVBR0DM2K'),(212235880,'Plug-in Hybrid Electric Vehicle (PHEV)','Not eligible due to low battery range',81100,929,'WP1AE2AY7L'),(212958469,'Plug-in Hybrid Electric Vehicle (PHEV)','Not eligible due to low battery range',52900,790,'LYVBR0DM0K'),(214749342,'Plug-in Hybrid Electric Vehicle (PHEV)','Clean Alternative Fuel Vehicle Eligible',0,673,'7JRH60FD5N'),(214898610,'Battery Electric Vehicle (BEV)','Clean Alternative Fuel Vehicle Eligible',0,907,'WP0AC2Y18M'),(215049278,'Plug-in Hybrid Electric Vehicle (PHEV)','Clean Alternative Fuel Vehicle Eligible',0,671,'7JRH60FD3N'),(216531367,'Plug-in Hybrid Electric Vehicle (PHEV)','Clean Alternative Fuel Vehicle Eligible',0,676,'7JRH60FL7N'),(216651809,'Plug-in Hybrid Electric Vehicle (PHEV)','Not eligible due to low battery range',34995,734,'JF2GTDNCXK'),(216695069,'Plug-in Hybrid Electric Vehicle (PHEV)','Clean Alternative Fuel Vehicle Eligible',0,669,'7JRH60FD2N'),(216783269,'Plug-in Hybrid Electric Vehicle (PHEV)','Not eligible due to low battery range',0,745,'LVYBR0ATXL'),(216791025,'Plug-in Hybrid Electric Vehicle (PHEV)','Clean Alternative Fuel Vehicle Eligible',0,679,'7JRH60FZXN'),(216795855,'Plug-in Hybrid Electric Vehicle (PHEV)','Not eligible due to low battery range',34995,710,'JF2GTDNC5K'),(216861809,'Plug-in Hybrid Electric Vehicle (PHEV)','Clean Alternative Fuel Vehicle Eligible',0,668,'7JRH60FD0N'),(217162172,'Plug-in Hybrid Electric Vehicle (PHEV)','Not eligible due to low battery range',52900,810,'LYVBR0DM5K'),(217936309,'Plug-in Hybrid Electric Vehicle (PHEV)','Clean Alternative Fuel Vehicle Eligible',0,678,'7JRH60FZ6N'),(217972723,'Plug-in Hybrid Electric Vehicle (PHEV)','Not eligible due to low battery range',34995,735,'JF2GTDNCXK'),(217997937,'Battery Electric Vehicle (BEV)','Clean Alternative Fuel Vehicle Eligible',0,896,'WP0AC2Y17L'),(218315625,'Plug-in Hybrid Electric Vehicle (PHEV)','Clean Alternative Fuel Vehicle Eligible',0,670,'7JRH60FD2N'),(218515076,'Plug-in Hybrid Electric Vehicle (PHEV)','Clean Alternative Fuel Vehicle Eligible',0,674,'7JRH60FD7N'),(218906362,'Plug-in Hybrid Electric Vehicle (PHEV)','Clean Alternative Fuel Vehicle Eligible',0,672,'7JRH60FD3N'),(219020840,'Plug-in Hybrid Electric Vehicle (PHEV)','Clean Alternative Fuel Vehicle Eligible',0,677,'7JRH60FZ4N'),(219104875,'Battery Electric Vehicle (BEV)','Clean Alternative Fuel Vehicle Eligible',0,903,'WP0AC2Y18L'),(219210848,'Plug-in Hybrid Electric Vehicle (PHEV)','Clean Alternative Fuel Vehicle Eligible',0,675,'7JRH60FL4N'),(219547723,'Battery Electric Vehicle (BEV)','Clean Alternative Fuel Vehicle Eligible',0,885,'WP0AC2Y16L'),(220656558,'Plug-in Hybrid Electric Vehicle (PHEV)','Not eligible due to low battery range',0,621,'7JRBR0FL7M'),(220849681,'Plug-in Hybrid Electric Vehicle (PHEV)','Not eligible due to low battery range',0,936,'YV1BK0EP2L'),(224057690,'Plug-in Hybrid Electric Vehicle (PHEV)','Not eligible due to low battery range',52900,753,'LYVBR0DK8K'),(226015730,'Plug-in Hybrid Electric Vehicle (PHEV)','Not eligible due to low battery range',52900,770,'LYVBR0DL3K'),(227457450,'Plug-in Hybrid Electric Vehicle (PHEV)','Not eligible due to low battery range',52900,806,'LYVBR0DM4K'),(227747733,'Plug-in Hybrid Electric Vehicle (PHEV)','Not eligible due to low battery range',34995,717,'JF2GTDNC6K'),(228618050,'Plug-in Hybrid Electric Vehicle (PHEV)','Not eligible due to low battery range',52900,824,'LYVBR0DM7K'),(236401784,'Plug-in Hybrid Electric Vehicle (PHEV)','Not eligible due to low battery range',52900,807,'LYVBR0DM4K'),(240461378,'Plug-in Hybrid Electric Vehicle (PHEV)','Not eligible due to low battery range',34995,711,'JF2GTDNC5K'),(240882281,'Plug-in Hybrid Electric Vehicle (PHEV)','Not eligible due to low battery range',0,739,'LVYBR0AL2K'),(253185761,'Plug-in Hybrid Electric Vehicle (PHEV)','Not eligible due to low battery range',52900,774,'LYVBR0DL7K'),(258100902,'Plug-in Hybrid Electric Vehicle (PHEV)','Not eligible due to low battery range',34995,700,'JF2GTDNC4K'),(266554326,'Plug-in Hybrid Electric Vehicle (PHEV)','Not eligible due to low battery range',52900,817,'LYVBR0DM6K'),(268826974,'Plug-in Hybrid Electric Vehicle (PHEV)','Not eligible due to low battery range',52900,768,'LYVBR0DL2K'),(270435189,'Plug-in Hybrid Electric Vehicle (PHEV)','Not eligible due to low battery range',52900,771,'LYVBR0DL4K'),(272967565,'Plug-in Hybrid Electric Vehicle (PHEV)','Not eligible due to low battery range',52900,775,'LYVBR0DL7K'),(277755677,'Plug-in Hybrid Electric Vehicle (PHEV)','Not eligible due to low battery range',52900,818,'LYVBR0DM6K'),(282735911,'Plug-in Hybrid Electric Vehicle (PHEV)','Not eligible due to low battery range',34995,691,'JF2GTDNC2K'),(289237567,'Plug-in Hybrid Electric Vehicle (PHEV)','Not eligible due to low battery range',52900,754,'LYVBR0DK8K'),(293274439,'Plug-in Hybrid Electric Vehicle (PHEV)','Not eligible due to low battery range',52900,811,'LYVBR0DM5K'),(296470338,'Plug-in Hybrid Electric Vehicle (PHEV)','Not eligible due to low battery range',52900,826,'LYVBR0DM8K'),(296956586,'Plug-in Hybrid Electric Vehicle (PHEV)','Not eligible due to low battery range',34995,736,'JF2GTDNCXK'),(297208544,'Plug-in Hybrid Electric Vehicle (PHEV)','Not eligible due to low battery range',52900,773,'LYVBR0DL5K'),(299632077,'Plug-in Hybrid Electric Vehicle (PHEV)','Not eligible due to low battery range',34995,696,'JF2GTDNC3K'),(304931644,'Plug-in Hybrid Electric Vehicle (PHEV)','Not eligible due to low battery range',52900,829,'LYVBR0DM9K'),(306805859,'Plug-in Hybrid Electric Vehicle (PHEV)','Not eligible due to low battery range',52900,778,'LYVBR0DL8K'),(311505449,'Plug-in Hybrid Electric Vehicle (PHEV)','Not eligible due to low battery range',52900,772,'LYVBR0DL4K'),(312688190,'Plug-in Hybrid Electric Vehicle (PHEV)','Not eligible due to low battery range',34995,724,'JF2GTDNC7K'),(320564520,'Plug-in Hybrid Electric Vehicle (PHEV)','Not eligible due to low battery range',52900,746,'LYVBR0DK2K'),(320968280,'Plug-in Hybrid Electric Vehicle (PHEV)','Not eligible due to low battery range',34995,685,'JF2GTDNC1K'),(322483780,'Plug-in Hybrid Electric Vehicle (PHEV)','Not eligible due to low battery range',34995,686,'JF2GTDNC1K'),(326797873,'Plug-in Hybrid Electric Vehicle (PHEV)','Not eligible due to low battery range',52900,755,'LYVBR0DK8K'),(327831738,'Plug-in Hybrid Electric Vehicle (PHEV)','Not eligible due to low battery range',34995,683,'JF2GTDNC0K'),(338369720,'Plug-in Hybrid Electric Vehicle (PHEV)','Not eligible due to low battery range',52900,802,'LYVBR0DM3K'),(339162610,'Plug-in Hybrid Electric Vehicle (PHEV)','Not eligible due to low battery range',34995,692,'JF2GTDNC2K'),(346026012,'Plug-in Hybrid Electric Vehicle (PHEV)','Not eligible due to low battery range',0,635,'7JRBR0FM0K'),(469585056,'Plug-in Hybrid Electric Vehicle (PHEV)','Not eligible due to low battery range',52900,791,'LYVBR0DM0K'),(473736532,'Plug-in Hybrid Electric Vehicle (PHEV)','Not eligible due to low battery range',52900,757,'LYVBR0DK9K'),(473918336,'Plug-in Hybrid Electric Vehicle (PHEV)','Not eligible due to low battery range',52900,762,'LYVBR0DL0K'),(474474857,'Plug-in Hybrid Electric Vehicle (PHEV)','Not eligible due to low battery range',52900,752,'LYVBR0DK7K'),(474495416,'Plug-in Hybrid Electric Vehicle (PHEV)','Not eligible due to low battery range',52900,796,'LYVBR0DM1K'),(474543625,'Plug-in Hybrid Electric Vehicle (PHEV)','Not eligible due to low battery range',52900,832,'LYVBR0DMXK'),(474787785,'Plug-in Hybrid Electric Vehicle (PHEV)','Not eligible due to low battery range',52900,779,'LYVBR0DL8K'),(475125563,'Plug-in Hybrid Electric Vehicle (PHEV)','Not eligible due to low battery range',52900,792,'LYVBR0DM0K'),(475407040,'Plug-in Hybrid Electric Vehicle (PHEV)','Not eligible due to low battery range',52900,812,'LYVBR0DM5K'),(475618832,'Plug-in Hybrid Electric Vehicle (PHEV)','Not eligible due to low battery range',52900,808,'LYVBR0DM4K'),(475666180,'Plug-in Hybrid Electric Vehicle (PHEV)','Not eligible due to low battery range',52900,803,'LYVBR0DM3K'),(475666782,'Plug-in Hybrid Electric Vehicle (PHEV)','Not eligible due to low battery range',52900,784,'LYVBR0DL9K'),(475741535,'Plug-in Hybrid Electric Vehicle (PHEV)','Not eligible due to low battery range',52900,780,'LYVBR0DL8K'),(475958521,'Plug-in Hybrid Electric Vehicle (PHEV)','Not eligible due to low battery range',52900,833,'LYVBR0DMXK'),(476136986,'Plug-in Hybrid Electric Vehicle (PHEV)','Not eligible due to low battery range',52900,813,'LYVBR0DM5K'),(476369736,'Plug-in Hybrid Electric Vehicle (PHEV)','Not eligible due to low battery range',52900,751,'LYVBR0DK6K'),(476596767,'Plug-in Hybrid Electric Vehicle (PHEV)','Not eligible due to low battery range',52900,799,'LYVBR0DM2K'),(476646054,'Plug-in Hybrid Electric Vehicle (PHEV)','Not eligible due to low battery range',52900,809,'LYVBR0DM4K'),(476666396,'Plug-in Hybrid Electric Vehicle (PHEV)','Not eligible due to low battery range',34995,728,'JF2GTDNC8K'),(476741401,'Plug-in Hybrid Electric Vehicle (PHEV)','Not eligible due to low battery range',34995,737,'JF2GTDNCXK'),(476993156,'Plug-in Hybrid Electric Vehicle (PHEV)','Not eligible due to low battery range',34995,697,'JF2GTDNC3K'),(477173931,'Plug-in Hybrid Electric Vehicle (PHEV)','Not eligible due to low battery range',52900,804,'LYVBR0DM3K'),(477210429,'Plug-in Hybrid Electric Vehicle (PHEV)','Not eligible due to low battery range',34995,729,'JF2GTDNC8K'),(477247585,'Plug-in Hybrid Electric Vehicle (PHEV)','Not eligible due to low battery range',34995,731,'JF2GTDNC9K'),(477612096,'Plug-in Hybrid Electric Vehicle (PHEV)','Not eligible due to low battery range',52900,819,'LYVBR0DM6K'),(477744130,'Plug-in Hybrid Electric Vehicle (PHEV)','Not eligible due to low battery range',34995,712,'JF2GTDNC5K'),(478031816,'Plug-in Hybrid Electric Vehicle (PHEV)','Not eligible due to low battery range',34995,732,'JF2GTDNC9K'),(478354054,'Plug-in Hybrid Electric Vehicle (PHEV)','Not eligible due to low battery range',0,627,'7JRBR0FL9K'),(478758794,'Plug-in Hybrid Electric Vehicle (PHEV)','Not eligible due to low battery range',52900,825,'LYVBR0DM7K');
/*!40000 ALTER TABLE `vehicles` ENABLE KEYS */;
UNLOCK TABLES;

--
-- Final view structure for view `clean_energy_eligibility`
--

/*!50001 DROP VIEW IF EXISTS `clean_energy_eligibility`*/;
/*!50001 SET @saved_cs_client          = @@character_set_client */;
/*!50001 SET @saved_cs_results         = @@character_set_results */;
/*!50001 SET @saved_col_connection     = @@collation_connection */;
/*!50001 SET character_set_client      = utf8mb4 */;
/*!50001 SET character_set_results     = utf8mb4 */;
/*!50001 SET collation_connection      = utf8mb4_0900_ai_ci */;
/*!50001 CREATE ALGORITHM=UNDEFINED */
/*!50013 DEFINER=`root`@`localhost` SQL SECURITY DEFINER */
/*!50001 VIEW `clean_energy_eligibility` AS select `vehicle_type`.`make` AS `Car Brand`,`vehicle_type`.`model` AS `Model`,`vehicles`.`ev_type` AS `EV Type`,`vehicle_type`.`ev_range` AS `Range`,`vehicles`.`cev_eligibility` AS `Clean Energy ?` from (`vehicle_type` join `vehicles` on((`vehicle_type`.`VIN` = `vehicles`.`vehicle_type_VIN`))) group by `vehicle_type`.`make`,`vehicle_type`.`model`,`vehicles`.`ev_type`,`vehicle_type`.`ev_range`,`vehicles`.`cev_eligibility` having (`vehicles`.`cev_eligibility` = 'Clean Alternative Fuel Vehicle Eligible') order by `vehicle_type`.`ev_range` desc,`vehicle_type`.`make` */;
/*!50001 SET character_set_client      = @saved_cs_client */;
/*!50001 SET character_set_results     = @saved_cs_results */;
/*!50001 SET collation_connection      = @saved_col_connection */;

--
-- Final view structure for view `companies_and_cars`
--

/*!50001 DROP VIEW IF EXISTS `companies_and_cars`*/;
/*!50001 SET @saved_cs_client          = @@character_set_client */;
/*!50001 SET @saved_cs_results         = @@character_set_results */;
/*!50001 SET @saved_col_connection     = @@collation_connection */;
/*!50001 SET character_set_client      = utf8mb4 */;
/*!50001 SET character_set_results     = utf8mb4 */;
/*!50001 SET collation_connection      = utf8mb4_0900_ai_ci */;
/*!50001 CREATE ALGORITHM=UNDEFINED */
/*!50013 DEFINER=`root`@`localhost` SQL SECURITY DEFINER */
/*!50001 VIEW `companies_and_cars` AS select `electric_utility`.`utility_name` AS `utility_name`,`vehicle_type`.`make` AS `make`,`vehicle_type`.`model` AS `model` from (((`electric_utility_vehicles` join `electric_utility` on((`electric_utility_vehicles`.`electric_utility_utility_id` = `electric_utility`.`utility_id`))) join `vehicles` on((`electric_utility_vehicles`.`vehicles_DOL_vehicle_Id` = `vehicles`.`DOL_vehicle_Id`))) join `vehicle_type` on((`vehicles`.`vehicle_type_VIN` = `vehicle_type`.`VIN`))) group by `electric_utility`.`utility_name`,`vehicle_type`.`make`,`vehicle_type`.`model` */;
/*!50001 SET character_set_client      = @saved_cs_client */;
/*!50001 SET character_set_results     = @saved_cs_results */;
/*!50001 SET collation_connection      = @saved_col_connection */;

--
-- Final view structure for view `county_ev_count`
--

/*!50001 DROP VIEW IF EXISTS `county_ev_count`*/;
/*!50001 SET @saved_cs_client          = @@character_set_client */;
/*!50001 SET @saved_cs_results         = @@character_set_results */;
/*!50001 SET @saved_col_connection     = @@collation_connection */;
/*!50001 SET character_set_client      = utf8mb4 */;
/*!50001 SET character_set_results     = utf8mb4 */;
/*!50001 SET collation_connection      = utf8mb4_0900_ai_ci */;
/*!50001 CREATE ALGORITHM=UNDEFINED */
/*!50013 DEFINER=`root`@`localhost` SQL SECURITY DEFINER */
/*!50001 VIEW `county_ev_count` AS select `county_count`.`county` AS `county`,`county_count`.`make` AS `make`,`county_count`.`model` AS `model`,`county_count`.`ev_count` AS `ev_count` from (select `locations`.`county` AS `county`,`vehicle_type`.`make` AS `make`,`vehicle_type`.`model` AS `model`,count(((0 <> `locations`.`county`) and (0 <> `vehicle_type`.`make`))) AS `ev_count` from ((`vehicles` join `locations` on((`vehicles`.`locations_location_id` = `locations`.`location_id`))) join `vehicle_type` on((`vehicles`.`vehicle_type_VIN` = `vehicle_type`.`VIN`))) group by `locations`.`county`,`vehicle_type`.`make`,`vehicle_type`.`model`) `county_count` group by `county_count`.`county`,`county_count`.`make`,`county_count`.`model` order by `county_count`.`ev_count` desc,`county_count`.`county` */;
/*!50001 SET character_set_client      = @saved_cs_client */;
/*!50001 SET character_set_results     = @saved_cs_results */;
/*!50001 SET collation_connection      = @saved_col_connection */;

--
-- Final view structure for view `popular`
--

/*!50001 DROP VIEW IF EXISTS `popular`*/;
/*!50001 SET @saved_cs_client          = @@character_set_client */;
/*!50001 SET @saved_cs_results         = @@character_set_results */;
/*!50001 SET @saved_col_connection     = @@collation_connection */;
/*!50001 SET character_set_client      = utf8mb4 */;
/*!50001 SET character_set_results     = utf8mb4 */;
/*!50001 SET collation_connection      = utf8mb4_0900_ai_ci */;
/*!50001 CREATE ALGORITHM=UNDEFINED */
/*!50013 DEFINER=`root`@`localhost` SQL SECURITY DEFINER */
/*!50001 VIEW `popular` AS select `vehicle_type`.`make` AS `Car Brand`,`vehicle_type`.`model` AS `Model`,`vehicles`.`ev_type` AS `EV Type`,count(((0 <> `vehicle_type`.`make`) and (0 <> `vehicle_type`.`model`))) AS `Amount` from (`vehicle_type` join `vehicles` on((`vehicle_type`.`VIN` = `vehicles`.`vehicle_type_VIN`))) where (`vehicles`.`base_msrp` > 0) group by `vehicle_type`.`make`,`vehicle_type`.`model`,`vehicles`.`ev_type` order by `Amount` desc */;
/*!50001 SET character_set_client      = @saved_cs_client */;
/*!50001 SET character_set_results     = @saved_cs_results */;
/*!50001 SET collation_connection      = @saved_col_connection */;

--
-- Final view structure for view `price_in_king_county`
--

/*!50001 DROP VIEW IF EXISTS `price_in_king_county`*/;
/*!50001 SET @saved_cs_client          = @@character_set_client */;
/*!50001 SET @saved_cs_results         = @@character_set_results */;
/*!50001 SET @saved_col_connection     = @@collation_connection */;
/*!50001 SET character_set_client      = utf8mb4 */;
/*!50001 SET character_set_results     = utf8mb4 */;
/*!50001 SET collation_connection      = utf8mb4_0900_ai_ci */;
/*!50001 CREATE ALGORITHM=UNDEFINED */
/*!50013 DEFINER=`root`@`localhost` SQL SECURITY DEFINER */
/*!50001 VIEW `price_in_king_county` AS select `vehicle_type`.`make` AS `Brand`,`vehicle_type`.`model` AS `Model`,`vehicles`.`ev_type` AS `EV Type`,`vehicles`.`base_msrp` AS `Base MSRP` from (`vehicle_type` join `vehicles` on((`vehicle_type`.`VIN` = `vehicles`.`vehicle_type_VIN`))) where (`vehicles`.`locations_location_id` in (select `locations`.`location_id` from `locations` where (`locations`.`county` = 'King')) and (`vehicles`.`base_msrp` > 0)) group by `vehicle_type`.`make`,`vehicle_type`.`model`,`vehicles`.`ev_type`,`vehicles`.`base_msrp` order by `vehicles`.`base_msrp` desc */;
/*!50001 SET character_set_client      = @saved_cs_client */;
/*!50001 SET character_set_results     = @saved_cs_results */;
/*!50001 SET collation_connection      = @saved_col_connection */;

--
-- Final view structure for view `prices_in_king_county`
--

/*!50001 DROP VIEW IF EXISTS `prices_in_king_county`*/;
/*!50001 SET @saved_cs_client          = @@character_set_client */;
/*!50001 SET @saved_cs_results         = @@character_set_results */;
/*!50001 SET @saved_col_connection     = @@collation_connection */;
/*!50001 SET character_set_client      = utf8mb4 */;
/*!50001 SET character_set_results     = utf8mb4 */;
/*!50001 SET collation_connection      = utf8mb4_0900_ai_ci */;
/*!50001 CREATE ALGORITHM=UNDEFINED */
/*!50013 DEFINER=`root`@`localhost` SQL SECURITY DEFINER */
/*!50001 VIEW `prices_in_king_county` AS select `vehicle_type`.`make` AS `Brand`,`vehicle_type`.`model` AS `Model`,`vehicles`.`ev_type` AS `EV Type`,`vehicles`.`base_msrp` AS `Base MSRP` from (`vehicle_type` join `vehicles` on((`vehicle_type`.`VIN` = `vehicles`.`vehicle_type_VIN`))) where (`vehicles`.`locations_location_id` in (select `locations`.`location_id` from `locations` where (`locations`.`county` = 'King')) and (`vehicles`.`base_msrp` > 0)) group by `vehicle_type`.`make`,`vehicle_type`.`model`,`vehicles`.`ev_type`,`vehicles`.`base_msrp` order by `vehicles`.`base_msrp` desc */;
/*!50001 SET character_set_client      = @saved_cs_client */;
/*!50001 SET character_set_results     = @saved_cs_results */;
/*!50001 SET collation_connection      = @saved_col_connection */;
/*!40103 SET TIME_ZONE=@OLD_TIME_ZONE */;

/*!40101 SET SQL_MODE=@OLD_SQL_MODE */;
/*!40014 SET FOREIGN_KEY_CHECKS=@OLD_FOREIGN_KEY_CHECKS */;
/*!40014 SET UNIQUE_CHECKS=@OLD_UNIQUE_CHECKS */;
/*!40101 SET CHARACTER_SET_CLIENT=@OLD_CHARACTER_SET_CLIENT */;
/*!40101 SET CHARACTER_SET_RESULTS=@OLD_CHARACTER_SET_RESULTS */;
/*!40101 SET COLLATION_CONNECTION=@OLD_COLLATION_CONNECTION */;
/*!40111 SET SQL_NOTES=@OLD_SQL_NOTES */;

-- Dump completed on 2025-05-16  0:22:52
